replicate,seed,success,error,change_index,change_date,beta1,beta2,e_mult,i_mult,R_before,R_after,optimizer_success,SSE,RMSE,R2,AIC,BIC
1,1663274738,True,,24,2025-05-25,0.2809686149840554,0.17575300754332956,1.0241525140262755,1.0091990669669253,1.404843074920277,0.8787650377166478,True,455185277.09560966,1724.8383027285602,0.8813453256577065,2290.583907782087,2305.736097389049
2,484571694,True,,23,2025-05-24,0.26283696337177975,0.17326019140295693,0.9610147276606931,0.9734190687155864,1.3141848168588988,0.8663009570147846,True,419576149.9060905,1655.9975172577979,0.8785644699711207,2278.120603725308,2293.27279333227
3,1252564428,True,,23,2025-05-24,0.283991218315103,0.17558553370194188,1.0542585871074512,1.0071423514657962,1.419956091575515,0.8779276685097094,True,516951178.4278637,1838.1419618945488,0.8647531585609891,2310.052224349536,2325.2044139564982
4,3368967322,True,,19,2025-05-20,0.27991998178838184,0.17487488341773907,0.9998780817989217,1.0000827241343777,1.399599908941909,0.8743744170886953,True,950074826.2690802,2491.9148033950937,0.7673188362191204,2403.1668475314405,2418.3190371384026
5,4006822629,True,,22,2025-05-23,0.2791904816930808,0.17608066479813672,0.9866276585224822,1.0088591547182126,1.395952408465404,0.8804033239906836,True,535294720.5532201,1870.4700757481828,0.8520542260289076,2315.387187033206,2330.539376640168
6,2626768342,True,,19,2025-05-20,0.2799789592743199,0.17488322642753398,1.0000014640991115,1.0002711126500041,1.3998947963715995,0.8744161321376699,True,573477367.3296049,1936.0315305081165,0.8546173451097689,2325.929039561755,2341.081229168717
7,1989199112,True,,22,2025-05-23,0.29022355986793474,0.175257733680017,0.988044072194746,1.0240248260742928,1.4511177993396736,0.876288668400085,True,671973279.1886678,2095.705660850158,0.8591349888933622,2350.179555618424,2365.331745225386
8,1249381262,True,,25,2025-05-26,0.2656938062268664,0.17378897627659842,1.0160237236778047,0.9776848134992335,1.328469031134332,0.8689448813829921,True,568934461.0582788,1928.347968928273,0.8477843569532031,2324.712195852633,2339.8643854595953
9,2944520355,True,,15,2025-05-16,0.2795710400530398,0.1794844909318145,0.9999779831831521,1.0002257013488185,1.397855200265199,0.8974224546590726,True,1153843267.4490275,2746.171747064034,0.6980120031156551,2432.896717420044,2448.048907027006
10,2389403313,True,,23,2025-05-24,0.2800000005450451,0.16999999999032706,1.0000000318661257,0.9999999788407995,1.4000000027252253,0.8499999999516352,True,1087200449.0128093,2665.6866446875224,0.6987025616185849,2423.7943885984178,2438.94657820538
11,3985193392,True,,28,2025-05-29,0.17849922221379672,0.1764398410370596,0.08246338326797562,4.408133222871967,0.8924961110689835,0.8821992051852979,True,1250059045.0000303,2858.3772591377356,0.6949637452906785,2445.1508613681517,2460.303050975114
12,2608072463,True,,21,2025-05-22,0.27586906794060845,0.17504490649845902,1.0003291900302782,0.9910919550784962,1.3793453397030422,0.875224532492295,True,547961040.2739923,1892.470530199388,0.8583510309922301,2318.9653544701064,2334.1175440770685
13,1797848028,True,,20,2025-05-21,0.2870773231437672,0.17773155128991236,1.5513120967789875,0.37609099262604684,1.435386615718836,0.8886577564495618,True,528911171.0564396,1859.2836681202846,0.8688740252064312,2313.551649765522,2328.7038393724843
14,4234630297,True,,23,2025-05-24,0.2877538243325376,0.17491740439191764,1.000178430593389,0.9983503037247504,1.4387691216626879,0.8745870219595882,True,688520490.6491828,2121.351909941312,0.8370146206166423,2353.901510485143,2369.053700092105
15,2557736295,True,,22,2025-05-23,0.2660598639353386,0.17543187387949455,0.9993840232897282,0.9999665687689465,1.3302993196766928,0.8771593693974727,True,734628990.006212,2191.231769281211,0.8346777970201055,2363.819049624655,2378.971239231617
16,1081163100,True,,22,2025-05-23,0.28021007587787394,0.17381771462936962,1.0005552289246882,1.0003457680855015,1.4010503793893696,0.8690885731468481,True,583949287.8713508,1953.6279103839222,0.8769506961406685,2328.697677308312,2343.849866915274
17,757959825,True,,33,2025-06-03,0.20324523091202049,0.17495873590679675,0.08953689130036005,2.556096671662143,1.0162261545601023,0.8747936795339837,True,689324229.1901737,2122.5897198681673,0.8258513882184161,2354.080009569908,2369.23219917687
18,2572291305,True,,24,2025-05-25,0.2797980205506049,0.17336761931770434,0.9999240311147737,1.0012379745646496,1.3989901027530243,0.8668380965885216,True,344278666.6554423,1500.0624532868826,0.9174873614336221,2247.8581786549353,2263.0103682618974
19,579885718,True,,22,2025-05-23,0.28000855471965125,0.17591744352974623,1.109557934699453,1.0010497408252985,1.4000427735982561,0.879587217648731,True,347838675.56922233,1507.7981946790062,0.9128728104058959,2249.4321492354215,2264.5843388423837
20,1974219783,True,,23,2025-05-24,0.280801871686651,0.1756227124966354,1.000825506155232,0.9994160334245117,1.404009358433255,0.8781135624831771,True,616210630.8490088,2006.868322303538,0.8535167908248901,2336.925205652963,2352.077395259925
21,2668172968,True,,24,2025-05-25,0.2819117614770725,0.17360675060495054,1.0228114980961147,1.0111476047736643,1.4095588073853622,0.8680337530247526,True,490696279.6111607,1790.856003763769,0.871830677742802,2302.0773936694914,2317.2295832764535
22,2617962516,True,,20,2025-05-21,0.2798956248858514,0.1733954618129812,1.0000421782103766,0.9999173806085359,1.399478124429257,0.866977309064906,True,618887719.089053,2011.2229542802747,0.8577434400109308,2337.5884648050587,2352.740654412021
23,2001218957,True,,20,2025-05-21,0.2732087086671714,0.17313831871878455,0.9997533605926141,0.9809060349440542,1.3660435433358569,0.8656915935939227,True,671900804.8640461,2095.592643746197,0.8591722689325815,2350.1630532216454,2365.3152428286076
24,939925964,True,,23,2025-05-24,0.27281088138060455,0.17014598075830847,0.999948653755315,1.0000703358678782,1.3640544069030227,0.8507299037915423,True,784525076.2076156,2264.4237406399798,0.8252788712045895,2373.8731294395006,2389.0253190464628
25,2080919864,True,,20,2025-05-21,0.27922728152085685,0.18101194845328988,0.9915994453281306,0.9986543716700944,1.3961364076042841,0.9050597422664494,True,771815395.2098408,2246.006470767835,0.7989758991666319,2371.3741589917367,2386.526348598699
26,1371089381,True,,22,2025-05-23,0.30427174769910037,0.17421597014869,1.4951758545697145,0.20979452600122256,1.5213587384955018,0.87107985074345,True,596722198.0956578,1974.8784989443109,0.8555916235029288,2332.008219711811,2347.160409318773
27,2743647534,True,,21,2025-05-22,0.27683447550738105,0.17839306061361682,1.005824037850838,0.7685502117720728,1.3841723775369053,0.8919653030680841,True,598110494.9426031,1977.1744791984052,0.8401130136546473,2332.363766583617,2347.515956190579
28,3013604848,True,,22,2025-05-23,0.280454814879863,0.1757369663896518,0.999434533536557,0.9973601236705733,1.402274074399315,0.878684831948259,True,384973298.3486072,1586.2425251781983,0.896127790418087,2264.9517318679136,2280.1039214748757
29,1477425621,True,,22,2025-05-23,0.25210272129622224,0.17596170877252104,2.1013110171823355,0.22401487727463898,1.260513606481111,0.8798085438626052,True,765591813.6144682,2236.932735430295,0.8124643561737049,2370.135432933999,2385.287622540961
30,544671461,True,,19,2025-05-20,0.2799763363248331,0.17626930033774937,0.9993566091496698,1.0001605712673727,1.3998816816241655,0.8813465016887468,True,689980165.1511524,2123.599369474778,0.8279126266025872,2354.2255296016087,2369.377719208571
31,4243370170,True,,22,2025-05-23,0.27987734192024244,0.1733682248150438,1.0000832352931228,0.9997954000246005,1.399386709601212,0.866841124075219,True,588931794.8966784,1961.944804938546,0.858914202231486,2329.997601353176,2345.149790960138
32,3053388618,True,,31,2025-06-01,0.2438709823826361,0.1704462959804625,0.9473617417060098,0.9641495104131718,1.2193549119131804,0.8522314799023124,True,868903619.8018292,2383.0880441468685,0.8059092138078164,2389.5026414942095,2404.6548311011716
33,2350712074,True,,20,2025-05-21,0.2787158238579301,0.17716460426092698,1.0003773701590726,0.9904773308473693,1.3935791192896503,0.8858230213046349,True,576101038.2256478,1940.4551690035848,0.8420614854614961,2326.6274214070263,2341.7796110139884
34,3518299134,True,,39,2025-06-09,0.2219542570921977,0.17197044452176094,1.0159261448907557,1.0360351530337615,1.1097712854609885,0.8598522226088047,True,863073109.8952842,2375.07909726599,0.7896831714546602,2388.4725221280073,2403.6247117349694
35,1013027437,True,,22,2025-05-23,0.2626293018628918,0.17627331917677844,0.9997613797480991,0.9999797384351117,1.313146509314459,0.8813665958838921,True,638339752.1580056,2042.5854309826998,0.8394189970212569,2342.323325675393,2357.475515282355
36,2482685189,True,,26,2025-05-27,0.2544105717371681,0.17301818700443822,0.8839752429686042,0.8740258636201343,1.2720528586858404,0.865090935022191,True,477781128.4242703,1767.1311420947918,0.8871346900354793,2297.996482202678,2313.1486718096403
37,598320143,True,,25,2025-05-26,0.2799128083546385,0.17255626501387739,1.0000172545561392,0.9996931599589081,1.3995640417731925,0.8627813250693869,True,617880694.3616009,2009.5860048428226,0.8606752131192511,2337.3393077022833,2352.4914973092455
38,2102822653,True,,25,2025-05-26,0.2276214033862305,0.1769482774360243,0.04844257039334558,2.1524180492474128,1.1381070169311525,0.8847413871801214,True,772419326.9625571,2246.8850288985877,0.7785849273292181,2371.493831942422,2386.646021549384
39,3575201650,True,,25,2025-05-26,0.248208676035125,0.17523834020995374,0.9290351669880407,0.8514538278796422,1.2410433801756249,0.8761917010497686,True,515634578.6927019,1835.799729014671,0.8622963687936716,2309.662058463062,2324.814248070024
40,4185706305,True,,21,2025-05-22,0.27987004863063103,0.1712048886430528,0.9990482137721141,1.000136978762303,1.399350243153155,0.8560244432152639,True,415688806.6658654,1648.3083161246432,0.91027533273547,2276.6964620674753,2291.8486516744374
41,3675805831,True,,22,2025-05-23,0.2788029125877444,0.17418435852509323,1.0003644882127911,0.9957499114167709,1.394014562938722,0.8709217926254661,True,463968604.26371837,1741.4001658640561,0.8829110194305321,2293.508097062466,2308.660286669428
42,1991424109,True,,24,2025-05-25,0.1780864659786524,0.18009671578210945,0.5373648216230135,3.4549677300308015,0.890432329893262,0.9004835789105472,True,1235541131.5257683,2841.730499571443,0.6982197814475543,2443.363553785625,2458.515743392587
43,2856507982,True,,31,2025-06-01,0.24349978505813655,0.16739980055037187,2.6022864269905384,0.20482047711180099,1.2174989252906827,0.8369990027518593,True,2095903265.1100156,3701.177400645078,0.5009784885474484,2524.2203169072504,2539.3725065142125
44,2369600747,True,,21,2025-05-22,0.2797938846912382,0.1729610618266283,0.9999100138210013,0.9995191830516145,1.3989694234561911,0.8648053091331415,True,657552349.8786286,2073.0961813154017,0.8507734229335807,2346.8603436073577,2362.01253321432
45,1419114337,True,,23,2025-05-24,0.28147163563651434,0.17805058809614396,1.0001668487897581,1.009172526846876,1.4073581781825717,0.8902529404807198,True,543044011.8996848,1883.9605270063917,0.8444234925978781,2317.5862399858393,2332.7384295928014
46,2867667027,True,,18,2025-05-19,0.2800431572107241,0.1753620633721067,0.9931890460006944,0.9999757305043661,1.4002157860536204,0.8768103168605335,True,929546965.8670828,2464.8469252966465,0.7731060935277734,2399.8248054948886,2414.9769951018507
47,139030358,True,,24,2025-05-25,0.2799195747033732,0.17406221415775835,0.9999237706720767,0.9985670276133249,1.399597873516866,0.8703110707887918,True,989821830.356709,2543.506187887426,0.7962075946124157,2409.437431907611,2424.589621514573
48,4170045433,True,,19,2025-05-20,0.2751686725196537,0.1755982317192683,0.9998004594538805,0.9972571432002838,1.3758433625982684,0.8779911585963415,True,613046828.8782207,2001.709773871302,0.8385972619576576,2336.1376362686274,2351.2898258755895
49,2606428973,True,,22,2025-05-23,0.2686346272456897,0.17467177699180159,1.0001774741762424,1.000087131848591,1.3431731362284485,0.8733588849590079,True,736308213.2207168,2193.7347109062093,0.8360337564129959,2364.1683796475368,2379.320569254499
50,4288684147,True,,19,2025-05-20,0.28004178532578794,0.17393955472296116,1.0001002409555868,0.999878704340998,1.4002089266289397,0.8696977736148057,True,700606548.4397748,2139.889662478004,0.8434101085959778,2356.563921411663,2371.7161110186253
51,3839757679,True,,22,2025-05-23,0.27984871089052066,0.1723624518695059,1.0000018439468037,0.9992979539713511,1.3992435544526032,0.8618122593475295,True,613497838.9912522,2002.445953659785,0.8655974975588698,2336.250154878363,2351.402344485325
52,2043040579,True,,19,2025-05-20,0.2786899183443373,0.17542932995842284,0.9875125292376467,0.9883580228128559,1.3934495917216865,0.8771466497921141,True,603702800.7141185,1986.3962191133883,0.8321348616303733,2333.787663226579,2348.939852833541
53,2148071447,True,,21,2025-05-22,0.2799004913568322,0.17638947533820254,0.9984589501228707,0.9998188288260419,1.399502456784161,0.8819473766910126,True,622851805.0007074,2017.653793412037,0.8558290723745379,2338.565331842093,2353.7175214490553
54,1974599622,True,,38,2025-06-08,0.2223181384409515,0.17659245765780981,0.9819354001082946,1.011643628678181,1.1115906922047574,0.882962288289049,True,1411132619.308039,3036.9539040105997,0.6339031027017343,2463.6947477601057,2478.8469373670678
55,3754586063,True,,27,2025-05-28,0.17244881999808254,0.18358995104750528,0.005189502747752778,4.0199669854464535,0.8622440999904126,0.9179497552375263,True,1273207700.2611125,2884.7216427161534,0.6430688486039748,2447.9582091278003,2463.1103987347624
56,513830431,True,,25,2025-05-26,0.27991991271880257,0.17353616280189205,0.9999015200685946,1.0000907433223623,1.3995995635940128,0.8676808140094602,True,804196487.5231271,2292.637388023151,0.8249512162245006,2377.662188294023,2392.814377900985
57,1639753052,True,,21,2025-05-22,0.2799386938046371,0.17554519129117666,1.0006918624496182,1.000080691098781,1.3996934690231855,0.8777259564558832,True,543160037.7561731,1884.161778152157,0.8638521596879677,2317.618926212918,2332.77111581988
58,3611250051,True,,27,2025-05-28,0.24238273120060871,0.17483822776055946,0.9576754872676391,0.92629849942711,1.2119136560030435,0.8741911388027973,True,576609842.4053116,1941.3118709848948,0.8548744824642824,2326.7624891778823,2341.9146787848445
59,3511713835,True,,19,2025-05-20,0.2737069436458807,0.17722889184188617,0.9998885696148082,0.9997659222688571,1.3685347182294034,0.8861444592094309,True,472703832.57629955,1757.7165679307993,0.8773408724239594,2296.361877373366,2311.514066980328
60,557565083,True,,19,2025-05-20,0.27983009959974536,0.17659530537739257,0.9996135803137574,1.0016648836984032,1.3991504979987268,0.8829765268869628,True,615027563.5051692,2004.9408960779397,0.8372280429189352,2336.6311774784876,2351.7833670854498
61,2855486559,True,,20,2025-05-21,0.2799566931667406,0.17194414332763655,0.9996325149784242,0.9988450466629444,1.399783465833703,0.8597207166381827,True,463171700.12655073,1739.904024335545,0.8958198733729995,2293.2450810713904,2308.3972706783525
62,2473241788,True,,21,2025-05-22,0.2717729890205883,0.1769907415093074,0.9810626362794325,0.9827540072264365,1.3588649451029413,0.884953707546537,True,635985262.8220915,2038.8149557215338,0.8299866928199058,2341.757948280958,2356.91013788792
63,1390651213,True,,21,2025-05-22,0.280928642922844,0.17493688913311123,1.0000132976862237,0.9970471035336088,1.4046432146142198,0.8746844456655561,True,368289042.62930256,1551.4889383046584,0.9047292958661843,2258.1729283806303,2273.3251179875924
64,2968527470,True,,24,2025-05-25,0.2716265896782099,0.17313457883931524,0.9778563215758199,1.000074461303174,1.3581329483910494,0.8656728941965761,True,348008728.690447,1508.1667196254955,0.9086847888952758,2249.5069303667615,2264.6591199737236
65,2562063326,True,,20,2025-05-21,0.27997076783528313,0.17083649237269366,1.000026356460805,1.0002514237534086,1.3998538391764155,0.8541824618634682,True,670438034.1886904,2093.310281796226,0.8281099334154548,2349.829599408932,2364.9817890158943
66,1074680134,True,,23,2025-05-24,0.27126190624938756,0.1712648117238755,0.9999341190352752,0.9800376645785841,1.3563095312469378,0.8563240586193774,True,613985517.7902006,2003.241682987559,0.8563702325311241,2336.371728600325,2351.523918207287
67,105344037,True,,18,2025-05-19,0.2801970346515885,0.17665873215092318,1.000016920303748,1.0008100344256277,1.4009851732579426,0.8832936607546158,True,533254497.75425017,1866.9021170735389,0.8623402414306329,2314.8029285597127,2329.9551181666748
68,784673156,True,,23,2025-05-24,0.28004468071041116,0.17450942123638932,0.9907502972343608,0.9998235826611076,1.4002234035520558,0.8725471061819465,True,430337451.0153428,1677.0996030443905,0.8897746910156146,2281.9952730156388,2297.147462622601
69,758086080,True,,17,2025-05-18,0.2781029323096873,0.1812995897829989,0.9901369900475515,0.9999808114389128,1.3905146615484365,0.9064979489149945,True,745440070.6561266,2207.2963834858806,0.7963214089610413,2366.054249051991,2381.206438658953
70,987136069,True,,23,2025-05-24,0.2797762322249612,0.17636492076069504,0.999096926838284,0.9993381329490708,1.3988811611248058,0.8818246038034752,True,585628711.1909876,1956.4351855441603,0.8449055402076662,2329.1370698836017,2344.289259490564
71,3335646890,True,,24,2025-05-25,0.28113361042163537,0.17292498413752663,1.0448086704093429,1.0135480066087144,1.4056680521081768,0.8646249206876331,True,746087952.0991485,2208.2553846385804,0.8254951293958208,2366.187167596604,2381.339357203566
72,4110448763,True,,20,2025-05-21,0.2796244606480378,0.17511323068979714,0.9991979419887829,0.9983152920367506,1.398122303240189,0.8755661534489857,True,637607781.6779056,2041.414000656852,0.8339210887815619,2342.1477831977113,2357.2999728046734
73,807670956,True,,20,2025-05-21,0.27849917563621757,0.17542832024861876,0.9999806041138093,0.9999304117492762,1.3924958781810877,0.8771416012430938,True,811876712.0775152,2303.5589289333857,0.813770788184752,2379.1164333167103,2394.2686229236724
74,2075625311,True,,23,2025-05-24,0.2850166559904076,0.1751942583037455,0.9996393546975757,1.0140851022761066,1.4250832799520379,0.8759712915187274,True,628366024.1274059,2026.565438853851,0.8543750561328923,2339.913907555877,2355.066097162839
75,3927951181,True,,22,2025-05-23,0.26270324119415084,0.17635206811486065,0.9996725106501773,0.9994590542176757,1.3135162059707541,0.8817603405743032,True,453096756.61297727,1720.8767271041643,0.8722688564879996,2289.880284490725,2305.032474097687
76,77513222,True,,23,2025-05-24,0.2882202883339094,0.1751858566746987,1.0148118076129555,1.0079510136633243,1.441101441669547,0.8759292833734934,True,543367383.3308666,1884.5213732096793,0.8521134923241331,2317.677321192552,2332.829510799514
77,2784427174,True,,18,2025-05-19,0.28073706512076524,0.1770145716349188,0.9589901510490668,0.9588522388573889,1.4036853256038262,0.8850728581745939,True,687241395.1696014,2119.3805285124986,0.8302298741764487,2353.6170111589413,2368.7692007659034
78,3125884881,True,,15,2025-05-16,0.2800415129580758,0.17850046243261097,1.0028267316699915,0.9974983685356814,1.400207564790379,0.8925023121630549,True,1057782165.244385,2629.3742455508145,0.7277153790400002,2419.597357228607,2434.749546835569
79,2531177495,True,,20,2025-05-21,0.27849877833199416,0.17823058925870136,0.9956752325860918,1.000001132256036,1.3924938916599707,0.8911529462935067,True,840640373.953862,2344.0097118207955,0.7998424733968243,2384.4431979507126,2399.5953875576747
80,2419428363,True,,24,2025-05-25,0.24744004781681508,0.17290541685609567,1.0018635293366045,0.9343960982004239,1.2372002390840753,0.8645270842804783,True,420312202.2833246,1657.449419142314,0.9067313969259725,2278.3887728033856,2293.5409624103477
81,3382311565,True,,19,2025-05-20,0.26676491403879193,0.1764560461852418,1.0188598038733903,0.857477472785434,1.3338245701939595,0.882280230926209,True,532081896.72929454,1864.8483733931355,0.8527904055904392,2314.466118458793,2329.618308065755
82,3238065248,True,,22,2025-05-23,0.2824075539852402,0.1762469980232024,0.9853269487589875,1.0166627718617773,1.412037769926201,0.8812349901160119,True,656082140.0412548,2070.7772845869113,0.8436724515544138,2346.517870566699,2361.670060173661
83,1737059466,True,,22,2025-05-23,0.2811061663469917,0.17561026015353898,0.9937946554916309,1.0011555952584272,1.4055308317349584,0.8780513007676949,True,524511656.68647736,1851.5347046860113,0.8603001876511545,2312.273664146566,2327.425853753528
84,2977342919,True,,20,2025-05-21,0.26980868301330313,0.17746799765049337,0.9991408303752948,1.0006475226099982,1.3490434150665156,0.8873399882524668,True,774421153.4457421,2249.7946942581316,0.8064392450806002,2371.8898386758788,2387.042028282841
85,3673400919,True,,20,2025-05-21,0.2798652308079417,0.17293964678928914,1.0002773927905233,1.0000597860047336,1.3993261540397084,0.8646982339464456,True,637839795.8307408,2041.785384032633,0.8420930648010523,2342.2034470546996,2357.3556366616617
86,3460010434,True,,20,2025-05-21,0.27885123048330357,0.17261303864843053,1.0003361140739275,1.0005726437443228,1.3942561524165178,0.8630651932421526,True,487599982.3342879,1785.1969048575545,0.8764140704430077,2301.1089036862013,2316.2610932931634
87,4234114229,True,,22,2025-05-23,0.27998301782251805,0.17399914243139297,0.9999192840789393,0.9998231699183301,1.3999150891125902,0.8699957121569648,True,544133821.5981504,1885.8499957642068,0.8460243761622678,2317.8929808603816,2333.0451704673437
88,3133986160,True,,44,2025-06-14,0.19401048344452357,0.17327148489489733,0.025438219396771957,2.770409055191771,0.9700524172226178,0.8663574244744866,True,963595460.2222456,2509.5835399396938,0.7650879681098647,2405.328861993133,2420.4810516000953
89,3078493512,True,,22,2025-05-23,0.2926528364715908,0.17578149525532058,1.0048195173095629,0.9993475051601282,1.463264182357954,0.8789074762766028,True,586901069.0922734,1958.5593429736816,0.8479100388614752,2329.4691225761308,2344.621312183093
90,3606011007,True,,24,2025-05-25,0.28139639678177547,0.17347071738836647,0.9937559254390411,1.0171281392700942,1.4069819839088773,0.8673535869418323,True,523618720.8326602,1849.9579942813898,0.8801222445170934,2312.0129728783486,2327.1651624853107
91,3606855648,True,,24,2025-05-25,0.1624556785866472,0.18301723108837176,0.10612250501214383,3.74456564305053,0.8122783929332359,0.9150861554418588,True,1833771241.799478,3461.998404525595,0.5442547735012797,2503.777990114096,2518.9301797210583
92,97172485,True,,24,2025-05-25,0.2803840979197889,0.17434171130074244,0.9490716848062528,1.0065135720218354,1.4019204895989446,0.8717085565037122,True,377641666.1420519,1571.0653022503486,0.9024693988708329,2262.009816639962,2277.162006246924
93,1945050147,True,,19,2025-05-20,0.2794993243339767,0.17427903818626328,0.9997013448365085,0.9989108346047144,1.3974966216698832,0.8713951909313163,True,609867218.0506592,1996.5120206743356,0.8516143553742415,2335.342025891807,2350.4942154987693
94,4180341016,True,,22,2025-05-23,0.28010453459505746,0.17371596288309463,1.000033689174685,1.0000884089395357,1.4005226729752873,0.868579814415473,True,440799980.2339103,1697.364316357528,0.9035609057235316,2285.6705689840787,2300.822758591041
95,3665565515,True,,22,2025-05-23,0.2634205320161741,0.17423309624221492,0.9996453430554426,0.9992285077242704,1.3171026600808704,0.8711654812110745,True,432583251.2078338,1681.4700446818292,0.8853626941303029,2282.7916572125987,2297.943846819561
96,2924385244,True,,22,2025-05-23,0.282510477753257,0.17370858500376965,1.0001406044301904,0.9989939859453748,1.412552388766285,0.8685429250188482,True,494281099.38166773,1797.3857184241822,0.8840149830857739,2303.191083909086,2318.343273516048
97,1059361958,True,,22,2025-05-23,0.27994158899535365,0.1728718616218049,0.9996956481279882,0.9995769246473428,1.3997079449767682,0.8643593081090245,True,441081003.883548,1697.9052913292435,0.9039853531245592,2285.7680801462975,2300.9202697532596
98,1528639895,True,,23,2025-05-24,0.27983675978707295,0.1724539368266905,1.000011947097782,1.000185664137825,1.3991837989353646,0.8622696841334524,True,533961334.7131678,1868.1390109246024,0.8773214814038526,2315.005598098971,2330.157787705933
99,3867938120,True,,23,2025-05-24,0.293238170480127,0.1751384105044036,1.0324996942547717,1.0137000340556919,1.466190852400635,0.875692052522018,True,693809104.1834297,2129.4835118738715,0.832495622186628,2355.072232463109,2370.224422070071
100,1183369244,True,,20,2025-05-21,0.2807315905170016,0.1744305854103342,0.9959725107655476,0.9357873117245322,1.403657952585008,0.872152927051671,True,586410726.8422153,1957.7410065281695,0.8588911690713636,2329.3412411913423,2344.4934307983044
101,1846651623,True,,22,2025-05-23,0.2843678466491148,0.17435120314797833,0.9998052500640089,1.0104309431978067,1.4218392332455738,0.8717560157398916,True,489893129.0525515,1789.3898055372026,0.8819105205778442,2301.826764686841,2316.9789542938033
102,2800544860,True,,18,2025-05-19,0.27080901387266015,0.1790734495340259,0.974672773236964,1.0261280639521122,1.3540450693633006,0.8953672476701294,True,799567534.7182982,2286.029658483459,0.7758689233188913,2376.778976380021,2391.931165986983
103,2631581443,True,,23,2025-05-24,0.2802862383208123,0.17393228931165264,0.9998441899805243,0.9998310848090801,1.4014311916040614,0.8696614465582632,True,368713063.90611696,1552.381817265304,0.9015370076341565,2258.3489801501855,2273.5011697571476
104,1478087729,True,,22,2025-05-23,0.28350154413152084,0.17480849614349322,1.0002601224307157,1.000434260904786,1.417507720657604,0.874042480717466,True,516840024.0765747,1837.9443335012918,0.8774109867044254,2310.0193228975377,2325.1715125045
105,1430259995,True,,22,2025-05-23,0.26778489961423146,0.1747257154013844,0.9996421305519225,0.9998086204713394,1.3389244980711572,0.873628577006922,True,400609967.849882,1618.1365217250384,0.9028977125461294,2271.043324094673,2286.1955137016353
106,988821504,True,,23,2025-05-24,0.2804126232920646,0.1772193463933628,0.9997621247608441,0.9967366719129238,1.402063116460323,0.8860967319668139,True,608406297.4968857,1994.1192914030137,0.8495372970436601,2334.9750788162664,2350.1272684232285
107,1426783956,True,,23,2025-05-24,0.2800233979886603,0.17509892929944318,1.000045002455218,1.000275198396105,1.4001169899433015,0.8754946464972159,True,506547382.86613625,1819.5513755526115,0.8600033545991229,2306.9416473373262,2322.0938369442883
108,2353972596,True,,24,2025-05-25,0.2443953918868672,0.17345960687821446,1.0004811190619127,0.9485528610445388,1.221976959434336,0.8672980343910722,True,523927208.6526914,1850.5028616209336,0.8816933083437222,2312.1030856581333,2327.2552752650954
109,3639626595,True,,23,2025-05-24,0.2825799153234744,0.1764071160374707,1.0052988677595658,1.0015183356524515,1.4128995766173718,0.8820355801873534,True,615412429.865778,2005.568114818098,0.848624675538834,2336.7268904842595,2351.8790800912216
110,3994139880,True,,19,2025-05-20,0.2710983649282201,0.17715682329473992,1.0253104093199283,1.0008864247921025,1.3554918246411003,0.8857841164736996,True,732894406.5622725,2188.643305798104,0.8017760435876496,2363.457363547099,2378.609553154061
111,4273072636,True,,22,2025-05-23,0.2798918381969589,0.17546141254575148,1.000110854342772,0.9999644629325036,1.3994591909847944,0.8773070627287574,True,452216561.58394504,1719.2044093714555,0.8756605481089442,2289.5827744924327,2304.734964099395
112,2467824599,True,,19,2025-05-20,0.2794741648379366,0.17508552501539426,0.98386441058348,1.003551689769052,1.3973708241896827,0.8754276250769712,True,762541930.8217127,2232.472662403105,0.8219154627550136,2369.524710621804,2384.676900228766
113,1500567861,True,,24,2025-05-25,0.2803389401134288,0.17131215580832626,1.160640171185262,1.0011713825707886,1.4016947005671438,0.8565607790416313,True,338111229.39738053,1486.5656111731996,0.9274756019251482,2245.092476523466,2260.244666130428
114,3485676707,True,,25,2025-05-26,0.2800284731698333,0.17085360229341287,0.9993374352498681,1.0003435956655438,1.4001423658491665,0.8542680114670643,True,374426347.253242,1564.3628184660256,0.9074069358378959,2260.701565847364,2275.853755454326
115,1359383236,True,,22,2025-05-23,0.2800114025954553,0.17775203870767622,1.0005347069537482,0.9997517444662157,1.4000570129772765,0.8887601935383811,True,555655158.7590622,1905.7106453459087,0.8527335746850456,2321.0987396133046,2336.2509292202667
116,2759487409,True,,23,2025-05-24,0.28424374901594884,0.17122526727199133,0.9743322943483606,1.0106430704549005,1.4212187450797442,0.8561263363599566,True,482889593.7748105,1776.5531615414932,0.8883502080339223,2299.623684006014,2314.7758736129763
117,285167044,True,,22,2025-05-23,0.28511168806424264,0.17594409526246751,1.0002493895275515,0.9990166910347259,1.4255584403212131,0.8797204763123375,True,623287481.6883891,2018.3593312688874,0.8557945184764791,2338.6723159274893,2353.8245055344514
118,3187996821,True,,23,2025-05-24,0.2797744457145415,0.1764813503521757,0.9997278609509205,0.9998284561637751,1.3988722285727075,0.8824067517608783,True,500516562.8434,1808.6873925429431,0.8668952538821623,2305.109139088187,2320.261328695149
119,2197749596,True,,20,2025-05-21,0.2703984248265668,0.17677628659551597,0.9970352777283105,0.9563382951095419,1.3519921241328339,0.8838814329775798,True,616816763.9648911,2007.8551036908984,0.8311368378555819,2337.0756295196024,2352.2278191265646
120,2782719921,True,,21,2025-05-22,0.25519837185848726,0.17767886622414358,1.0463159677977742,0.8123456546883957,1.2759918592924362,0.8883943311207179,True,575876274.2838995,1940.0766009469387,0.850775620177452,2326.567717308429,2341.719906915391
121,3456805987,True,,20,2025-05-21,0.2801737703745068,0.17752501735057266,1.0000433064529521,0.9790882454403637,1.4008688518725338,0.8876250867528632,True,403732101.5787631,1624.4297170833677,0.8854603802328616,2272.231099489664,2287.383289096626
122,2211426274,True,,25,2025-05-26,0.28031255606958366,0.17474535716784168,0.999574202680156,1.000269018823518,1.4015627803479183,0.8737267858392084,True,635542562.8092804,2038.1052376012826,0.8372971069803599,2341.6514101410417,2356.8035997480038
123,1734889948,True,,27,2025-05-28,0.2025081431827062,0.17655509956042426,0.13560370759693183,2.454530465993894,1.012540715913531,0.8827754978021213,True,883279220.8333333,2402.7207084536985,0.7797242329408294,2392.0132428527604,2407.1654324597225
124,948981809,True,,22,2025-05-23,0.28030615063085224,0.17785937576909644,1.0268713507698448,1.0011608877205564,1.4015307531542611,0.8892968788454821,True,560942439.108659,1914.7559770609366,0.8410511722140182,2322.5477127101362,2337.6999023170983
125,3252230622,True,,19,2025-05-20,0.27979613132947456,0.17622110256818643,1.000120135943607,1.0000181757379552,1.3989806566473728,0.8811055128409321,True,615098210.5586996,2005.0560446565385,0.8374102349193037,2336.6487512899307,2351.800940896893
126,2458931244,True,,27,2025-05-28,0.24719051971122952,0.17148521447376694,0.958750138615159,0.9594489619263454,1.2359525985561475,0.8574260723688346,True,627433503.9810241,2025.0611287167046,0.8596692269736672,2339.6866808283185,2354.8388704352806
127,1302278117,True,,21,2025-05-22,0.2779988830407002,0.1744744454667903,1.0001437569663605,0.9939333620225806,1.3899944152035009,0.8723722273339515,True,382038119.10505795,1580.1839040508207,0.8998413363262573,2263.780733350254,2278.9329229572163
128,2412613269,True,,19,2025-05-20,0.21239662332375026,0.18367728002180803,3.3434684175381553,0.060642757299136645,1.0619831166187512,0.91838640010904,True,1598754983.365118,3232.5499186002685,0.5025245416010037,2482.7941252942583,2497.9463149012204
129,4139435944,True,,23,2025-05-24,0.281112751336197,0.175062360856361,1.0012963594608928,0.9991610954845792,1.4055637566809849,0.875311804281805,True,482836767.60433125,1776.4559850148203,0.8776096776329275,2299.606945508621,2314.759135115583
130,2549041671,True,,26,2025-05-27,0.18857906993403395,0.17859174042462703,0.08913868865348269,3.720334983443515,0.9428953496701697,0.8929587021231351,True,1131955901.17127,2720.0008424297885,0.7078323826631099,2429.9665655160898,2445.118755123052
131,3530035039,True,,23,2025-05-24,0.28006856104349787,0.17597758134783756,0.9994151734092749,0.9998705532458382,1.4003428052174893,0.8798879067391877,True,475290749.6247729,1762.519641803635,0.8709121480638757,2297.1969017464835,2312.3490913534456
132,3797459892,True,,21,2025-05-22,0.2797864303470779,0.17808096151605415,0.9985619337412199,0.9994769560011734,1.3989321517353894,0.8904048075802707,True,349181390.3290272,1510.7055667270333,0.8917463535681569,2250.021617523114,2265.173807130076
133,701838636,True,,29,2025-05-30,0.20731143406719604,0.17728362584331808,0.13863230668733373,2.3733654761906338,1.0365571703359802,0.8864181292165904,True,833455610.5652303,2333.97135613872,0.7863005873823905,2383.129921343139,2398.282110950101
134,1508966051,True,,22,2025-05-23,0.26831191012509886,0.17251009679411516,1.0338977619020895,0.9995083919092917,1.3415595506254943,0.8625504839705758,True,572114092.5161119,1933.7289867566637,0.8711262133336096,2325.5648937868677,2340.71708339383
135,1638558315,True,,23,2025-05-24,0.28190969396759014,0.1747256948693856,0.9999352417991039,1.0053477699115307,1.4095484698379506,0.873628474346928,True,600022729.6790385,1980.332595157868,0.8526059812408607,2332.852146601934,2348.004336208896
136,1083143769,True,,23,2025-05-24,0.28267029996846366,0.17531320935138983,0.9999785554669963,1.007826755563831,1.4133514998423182,0.8765660467569492,True,487731492.4449194,1785.4376304759949,0.8785541767056645,2301.150163601561,2316.302353208523
137,741387734,True,,19,2025-05-20,0.2799939120110566,0.1738610518402609,0.9998183595739008,0.9999918564995375,1.399969560055283,0.8693052592013045,True,766570857.0659778,2238.3625800229315,0.8128397302461602,2370.3309652639987,2385.483154870961
138,3793414037,True,,23,2025-05-24,0.28019928881272543,0.17567559729969645,0.9994964746934842,0.9978103856966699,1.400996444063627,0.8783779864984822,True,490900900.9423231,1791.2293601150188,0.8705060185180111,2302.1411816769173,2317.2933712838794
139,4113115621,True,,24,2025-05-25,0.2802622230330002,0.1723366411639147,1.149949812989405,0.9980777358454965,1.4013111151650008,0.8616832058195735,True,378874257.6958167,1573.6271279693785,0.9205152547658727,2262.508382945466,2277.660572552428
140,2568806956,True,,20,2025-05-21,0.26389823523843176,0.17620680384192502,1.0003031874347144,0.9387843800752993,1.3194911761921586,0.8810340192096251,True,636489291.8914623,2039.6226933716803,0.8333879664993167,2341.8791553437804,2357.0313449507426
141,3778532194,True,,23,2025-05-24,0.2854816169315373,0.17519551758374574,1.0022495675695293,0.9746098242505987,1.4274080846576864,0.8759775879187287,True,736241909.4914756,2193.6359370067066,0.8322059824193236,2364.15460154868,2379.3067911556423
142,959961262,True,,26,2025-05-27,0.25611476183898413,0.17092936912160206,0.7482616144773133,0.9614493700341545,1.2805738091949206,0.8546468456080103,True,415985342.7807015,1648.8961306119525,0.8969719101013901,2276.805567364358,2291.95775697132
143,3103802963,True,,25,2025-05-26,0.27989066805962654,0.17412211741204806,0.9997314460857125,1.0003017659635647,1.3994533402981326,0.8706105870602402,True,484301419.95713025,1779.1483237464324,0.8835739551831171,2300.070358047131,2315.222547654093
144,4003868800,True,,19,2025-05-20,0.2672330912798569,0.17820139131010207,0.9981451244556057,1.0374242184794695,1.3361654563992844,0.8910069565505103,True,592550167.7179947,1967.9626300287075,0.8375632809262563,2330.9347511193596,2346.0869407263217
145,55198694,True,,23,2025-05-24,0.27977672318770896,0.17221006192801952,0.9997528706779986,1.0001392173901567,1.3988836159385447,0.8610503096400975,True,505872388.05703247,1818.3386586378633,0.885016876733887,2306.737632710072,2321.889822317034
146,3924944108,True,,22,2025-05-23,0.27995577868622595,0.1766502477123764,1.0670700828462811,1.0004196198941695,1.3997788934311297,0.8832512385618819,True,442926344.6058103,1701.4533284213662,0.8789478032384384,2286.4068475526724,2301.5590371596345
147,3545189070,True,,22,2025-05-23,0.27988871286114114,0.1741164464568936,1.000325638635813,1.000006833601905,1.3994435643057057,0.8705822322844678,True,476395952.4573903,1764.5676625364124,0.8673406384950434,2297.5522626211014,2312.7044522280635
148,3857021651,True,,22,2025-05-23,0.2641436998646231,0.17302652240430272,0.9987880993440021,0.9994679514916294,1.3207184993231154,0.8651326120215136,True,501658068.6766032,1810.7487143121289,0.8792313330796391,2305.457682071649,2320.609871678611
149,2485191386,True,,26,2025-05-27,0.1516124854825291,0.18184951933390092,0.06935573220752331,6.133739303072633,0.7580624274126454,0.9092475966695046,True,2007655810.3798432,3622.4209309763337,0.5177735589993813,2517.63874110823,2532.790930715192
150,1728459607,True,,23,2025-05-24,0.2798400657514841,0.1752036701261488,0.9998914690227506,0.999919702384605,1.3992003287574206,0.876018350630744,True,484668581.7947638,1779.8226058971463,0.8779842119130761,2300.1863074856997,2315.338497092662
151,1368349332,True,,23,2025-05-24,0.2804657322369483,0.17308248788847957,1.051890247663236,1.0040012218953989,1.4023286611847414,0.8654124394423979,True,559513201.0636433,1912.3150960445196,0.874682289866666,2322.1573830412945,2337.3095726482566
152,3461530221,True,,27,2025-05-28,0.2620028329470847,0.17236153231966825,0.9818611725447077,0.9999432608857253,1.3100141647354235,0.8618076615983412,True,534045167.3421838,1868.2856553049362,0.8721242834678281,2315.0296174139116,2330.1818070208737
153,759653634,True,,23,2025-05-24,0.16918498244056873,0.17711647901068978,0.23528808007153343,3.524906419110369,0.8459249122028436,0.8855823950534488,True,1452060161.1451807,3080.680004241043,0.5951290158358122,2468.0691234522546,2483.2213130592168
154,2766092603,True,,23,2025-05-24,0.28039493035338336,0.17897453677769845,0.9974378121267676,0.9968957857214491,1.4019746517669167,0.8948726838884922,True,411304974.955446,1639.5937942570756,0.8616633951516601,2275.0743639353464,2290.2265535423085
155,2315172173,True,,23,2025-05-24,0.2800401907578677,0.17571746573271452,1.000059488881926,1.0002038560223563,1.4002009537893383,0.8785873286635726,True,530261610.98118633,1861.6557585320998,0.8620443655525463,2313.941798424835,2329.093988031797
156,2748936636,True,,20,2025-05-21,0.27979087135625286,0.17430886270146434,0.9999665226651695,0.9998884409530235,1.3989543567812641,0.8715443135073216,True,1052495603.925092,2622.795499997002,0.7649456180869691,2418.830779874938,2433.9829694819
157,1955514563,True,,21,2025-05-22,0.27965898312525966,0.17643772853200831,1.0006814313686407,0.998242971210108,1.3982949156262983,0.8821886426600415,True,661351623.0264622,2079.076628607983,0.8391971475408444,2347.7418185462734,2362.8940081532355
158,1130455949,True,,20,2025-05-21,0.2753673758397442,0.17551976435855507,1.0097387591459714,1.0008217559449888,1.3768368791987209,0.8775988217927753,True,400378022.6429039,1617.6680194636508,0.9024279046363358,2270.9547144823428,2286.106904089305
159,2267546866,True,,23,2025-05-24,0.28039941420465614,0.17720192321104966,0.9980130338114369,0.9978777933268601,1.4019970710232805,0.8860096160552483,True,531339041.4026718,1863.5461336318792,0.8713871622482219,2314.2523613671556,2329.4045509741177
160,2386529035,True,,21,2025-05-22,0.27814266831319606,0.17492881271388405,0.999909682490792,0.9931177291756771,1.3907133415659803,0.8746440635694203,True,421291217.47839314,1659.3786093414078,0.8973270337398641,2278.7447347419748,2293.896924348937
161,3063362667,True,,19,2025-05-20,0.2796461383625952,0.17599366030478417,0.9627295829232627,0.9629068167301419,1.398230691812976,0.8799683015239208,True,644520640.0945606,2052.4505361232027,0.8412255561210427,2343.7976609618004,2358.9498505687625
162,1955521891,True,,20,2025-05-21,0.2786608084147315,0.17213279524063607,1.000455773354398,0.9998702878788548,1.3933040420736575,0.8606639762031804,True,578981487.5496064,1945.3001642631903,0.8592076867766865,2327.3905004949165,2342.5426901018786
163,4012306665,True,,21,2025-05-22,0.1883958245530573,0.1774153472769518,0.1393773585797315,2.638297959222447,0.9419791227652865,0.8870767363847589,True,1453284405.4296293,3081.9784043956206,0.6238956658128305,2468.1980647067703,2483.3502543137324
164,4052582721,True,,23,2025-05-24,0.27870663436931165,0.17567932721612353,0.9995741588352762,0.9973894612482436,1.3935331718465582,0.8783966360806176,True,466544127.69747466,1746.2267963144138,0.8655475311941396,2294.3550625646494,2309.5072521716115
165,2137449065,True,,22,2025-05-23,0.2807051154390897,0.17586496803482832,1.00026688198896,0.9997978549698044,1.4035255771954485,0.8793248401741416,True,477736369.63755417,1767.0483672700066,0.8713486426244847,2297.9821484110175,2313.1343380179796
166,2851872670,True,,24,2025-05-25,0.2800528633152378,0.17426109346178106,1.009689683908817,0.9999373496636919,1.400264316576189,0.8713054673089052,True,455401614.0560042,1725.2481379850676,0.8848994962927668,2290.656607171645,2305.8087967786073
167,852452429,True,,23,2025-05-24,0.2893157299446978,0.17600945043786337,1.0252925681922351,0.999304857433133,1.446578649723489,0.8800472521893168,True,426607963.0445478,1669.816558835264,0.8892773632238268,2280.663530636783,2295.815720243745
168,4210690130,True,,23,2025-05-24,0.28171459960373874,0.17508405233504612,0.9999296801244744,1.0047433508960797,1.4085729980186936,0.8754202616752306,True,595252947.6714828,1972.4457259057037,0.8570240769568547,2331.6310383090868,2346.783227916049
169,4044171416,True,,20,2025-05-21,0.2799254747699305,0.17305743476725907,1.0002216376309518,1.0006955592920732,1.3996273738496525,0.8652871738362953,True,763984181.1479087,2234.582883022566,0.8079206564355593,2369.813817193693,2384.966006800655
170,3577761385,True,,23,2025-05-24,0.28385161087801764,0.17333659025508474,1.0015185771712831,1.0122303272679836,1.4192580543900881,0.8666829512754237,True,748059750.3752797,2211.171502669459,0.8423296952421876,2366.5909902051485,2381.7431798121106
171,973645213,True,,25,2025-05-26,0.21403066313939198,0.167694499003433,0.1857777073264696,3.289843774610674,1.0701533156969598,0.8384724950171649,True,1618643303.508814,3252.594041190759,0.574746218675924,2484.6856857844255,2499.8378753913876
172,2511242320,True,,22,2025-05-23,0.2851086535138241,0.17401611114661164,0.9996617660537197,0.9999213965710209,1.4255432675691204,0.8700805557330582,True,279761507.506052,1352.2228311217334,0.9346817488511479,2216.1085480358543,2231.2607376428164
173,1991884102,True,,23,2025-05-24,0.28089016180681486,0.17678908120975426,1.0003734587043083,1.002718615284339,1.4044508090340742,0.8839454060487713,True,377888386.20232487,1571.578420998624,0.8981139521581186,2262.109741640818,2277.26193124778
174,4219087113,True,,17,2025-05-18,0.2835963684602891,0.1818750720542052,1.0012246544635761,1.0055916990102813,1.4179818423014456,0.909375360271026,True,741907947.5678984,2202.060751371624,0.7982018521309909,2365.327565260727,2380.4797548676893
175,2043914257,True,,23,2025-05-24,0.28171942095123687,0.17318814401712768,1.0031241353693143,1.0002487494872527,1.4085971047561843,0.8659407200856384,True,517064751.22967273,1838.343868260701,0.8793340927222707,2310.0858343515647,2325.238023958527
176,511674008,True,,23,2025-05-24,0.26098302987081845,0.17319273975602176,1.016471711091444,1.0055275109182336,1.3049151493540923,0.8659636987801087,True,780425224.4297094,2258.4991610193038,0.8206962242103754,2373.071469786997,2388.223659393959
177,32344258,True,,24,2025-05-25,0.26567950811485047,0.17269569971728482,0.7310718949347309,0.7786851624041886,1.3283975405742523,0.8634784985864241,True,466979092.21006495,1747.0406204429103,0.8946897717994149,2294.4976397899886,2309.6498293969507
178,1065489056,True,,23,2025-05-24,0.2809932368241786,0.17403550704109963,0.9996862908678023,1.0001578812245933,1.404966184120893,0.8701775352054981,True,396215647.66100395,1609.237321203518,0.8976731427311548,2269.355783454,2284.5079730609623
179,1418184085,True,,23,2025-05-24,0.2800011574731767,0.17496084820238866,1.0470519127533864,1.000292263011159,1.4000057873658835,0.8748042410119433,True,564403769.0537592,1920.6544518020894,0.8688694217944194,2323.4889077802554,2338.6410973872175
180,1641657852,True,,23,2025-05-24,0.28502455105618785,0.17368573974022072,0.9901292898677115,1.0049315249156356,1.4251227552809391,0.8684286987011036,True,652387473.8456389,2064.9383567776927,0.8503839177031678,2345.65382997412,2360.806019581082
181,2462570505,True,,21,2025-05-22,0.2793675511362376,0.17661851912352003,0.9999631063707836,0.9949281259352311,1.396837755681188,0.8830925956176001,True,538437673.8138509,1875.9532196841876,0.8624666791114151,2316.2828910741564,2331.4350806811185
182,2503181668,True,,21,2025-05-22,0.2802111720475308,0.17625675277194275,1.000321292769791,1.000045914726772,1.401055860237654,0.8812837638597137,True,598470286.5327277,1977.7690715080735,0.8588222465347684,2332.4557756076633,2347.6079652146254
183,3497798774,True,,37,2025-06-07,0.21919999640541438,0.17277012313803564,0.8254794339283614,1.3959195679189709,1.0959999820270718,0.8638506156901782,True,791681920.7611735,2274.7289154890345,0.8185704407475676,2375.2625468750616,2390.4147364820237
184,1853153624,True,,26,2025-05-27,0.15936796657814298,0.181407903345161,0.19407894011285012,4.410586349733039,0.7968398328907148,0.907039516725805,True,1765838587.8603988,3397.2678255954647,0.5604207834880667,2498.0024028970142,2513.1545925039763
185,165948513,True,,22,2025-05-23,0.2979728375100892,0.1754967120974531,0.9331925041853599,1.0062220171902856,1.489864187550446,0.8774835604872655,True,647795661.4849088,2057.658516809043,0.8371429335628295,2344.5731357349755,2359.7253253419376
186,1583758246,True,,23,2025-05-24,0.2803206939476593,0.17616344247058816,0.8239262018232946,1.169284014156801,1.4016034697382964,0.8808172123529407,True,558187798.6059232,1910.0487599530518,0.8590916787297774,2321.794519142732,2336.946708749694
187,744744767,True,,22,2025-05-23,0.26143478605262377,0.1767212518266616,1.000700359272408,0.9998474400455638,1.3071739302631187,0.8836062591333079,True,496435709.25074255,1801.2989308385622,0.8579348924861174,2303.8565734351073,2319.0087630420694
188,2322930144,True,,24,2025-05-25,0.28005879437455616,0.17469973651896234,1.0154876227699146,1.0064481418366895,1.4002939718727807,0.8734986825948117,True,325173343.57502353,1457.8463468687587,0.914339072356968,2239.1229493585774,2254.2751389655396
189,2704198525,True,,30,2025-05-31,0.1744660864652066,0.17583464699498988,0.087611108419924,3.6269284799917174,0.8723304323260329,0.8791732349749494,True,1411356513.2283595,3037.194819902333,0.6507649235333537,2463.7190212068917,2478.871210813854
190,2237470678,True,,40,2025-06-10,0.21689563720914057,0.1703595773054507,1.0967192190382726,1.2688431509895266,1.0844781860457027,0.8517978865272535,True,1268348106.2552714,2879.21115995844,0.7019460245903117,2447.373119642786,2462.5253092497483
191,3923011130,True,,23,2025-05-24,0.29597080847712304,0.17235541885849764,1.0342826241103718,1.0101700253321864,1.479854042385615,0.8617770942924882,True,564172928.4594377,1920.2616387286384,0.8761114858440846,2323.4263181281713,2338.5785077351334
192,331319303,True,,23,2025-05-24,0.27980602135194044,0.1756918179701543,0.9994901317666335,1.0002486608425303,1.3990301067597022,0.8784590898507714,True,491707073.63559765,1792.6995629799437,0.8856527066339044,2302.392236935856,2317.544426542818
193,2753259955,True,,23,2025-05-24,0.27976946911588396,0.17521266909891237,1.0019097886483805,0.9990257470136369,1.3988473455794197,0.8760633454945618,True,549317099.5690322,1894.8107663617684,0.8624410498581337,2319.3435214457054,2334.4957110526675
194,234330735,True,,19,2025-05-20,0.2799820794843848,0.17636999472543355,0.9991182542417042,0.9993964991173535,1.399910397421924,0.8818499736271677,True,628864782.095389,2027.3695602816945,0.8339165335592058,2340.0353012931714,2355.1874909001335
195,3959368159,True,,22,2025-05-23,0.28012696179341046,0.17684064724347728,1.0007745341807335,1.0003214831728664,1.4006348089670522,0.8842032362173864,True,390746539.1653091,1598.0922841916451,0.8921679064959536,2267.229157586535,2282.3813471934973
196,1594483378,True,,19,2025-05-20,0.2794734393782865,0.17692423656342326,0.927954701823112,0.7408816405938918,1.3973671968914325,0.8846211828171163,True,912019077.053892,2441.4972865748255,0.8106488028305241,2396.912232270196,2412.064421877158
197,582918810,True,,27,2025-05-28,0.18526555569629483,0.1774136626630501,0.09608586317774831,4.302215688311862,0.9263277784814741,0.8870683133152504,True,1573180031.274152,3206.5904675571596,0.637308379057117,2480.326828549932,2495.479018156894
198,1189409657,True,,24,2025-05-25,0.28000948239190204,0.16999979639586907,1.000078619508867,0.9996855035657547,1.40004741195951,0.8499989819793453,True,801113737.6556561,2288.238951905452,0.7809936620066326,2377.0745619248496,2392.2267515318117
199,803380069,True,,22,2025-05-23,0.28630386789845536,0.1737426865968489,0.9997789063773621,0.9998541162790343,1.4315193394922767,0.8687134329842445,True,571370498.4413946,1932.471914991609,0.8790394446404959,2325.3659056931615,2340.5180953001236
200,35605179,True,,21,2025-05-22,0.29225759416945374,0.17902331105624245,0.9707130178529942,0.978757792307206,1.4612879708472686,0.8951165552812121,True,584825355.6197138,1955.092822662619,0.8349819473461835,2328.9270429800413,2344.0792325870034
201,3058260537,True,,22,2025-05-23,0.2878909767322906,0.17608638971094331,0.9996264706503172,1.0005157983926223,1.439454883661453,0.8804319485547165,True,615678077.1365887,2006.0009271799913,0.8358209144147776,2336.7929198018987,2351.945109408861
202,3622311487,True,,22,2025-05-23,0.28339302307226927,0.1766029993681412,0.9915841148347283,1.0081475428535813,1.4169651153613463,0.883014996840706,True,623515813.0559543,2018.7289941940453,0.8386420437990254,2338.728354758595,2353.880544365557
203,3128175526,True,,20,2025-05-21,0.2770201041601165,0.17467882713458724,0.9997983053868745,1.0081266931762427,1.3851005208005824,0.8733941356729361,True,592089226.4915721,1967.1970479428624,0.8660586313282989,2330.8156870201133,2345.9678766270754
204,2854482671,True,,21,2025-05-22,0.2775582427905311,0.1760279050235315,1.0000028405058756,0.9928581100245145,1.3877912139526554,0.8801395251176575,True,474060555.53797466,1760.237200923834,0.8505937960835407,2296.8003787742027,2311.952568381165
205,2846397249,True,,22,2025-05-23,0.2800715142920035,0.17562118899420678,1.080512966670765,1.0005022471443807,1.4003575714600174,0.8781059449710339,True,418388948.26168615,1653.653013570884,0.8893801854588524,2277.687072606832,2292.839262213794
206,3668040590,True,,21,2025-05-22,0.27950335449695485,0.17535968960157994,1.0023134902155502,0.9984412821592968,1.3975167724847741,0.8767984480078996,True,632199428.2686101,2032.7376630997862,0.8528037073365953,2340.8444623961313,2355.9966520030935
207,3741645523,True,,20,2025-05-21,0.27976832583564915,0.17293749665887845,1.0005150747045009,0.9994861309863317,1.3988416291782457,0.8646874832943922,True,738954353.4728377,2197.673091285949,0.8303797559840006,2364.7172445098277,2379.8694341167898
208,21834974,True,,23,2025-05-24,0.2933451712416755,0.1733608850127917,1.0097151391665418,1.0146776741716008,1.4667258562083774,0.8668044250639585,True,591114317.7880647,1965.5768296163358,0.8605687717505728,2330.563556157062,2345.715745764024
209,3547842047,True,,27,2025-05-28,0.24511425597600386,0.1719796063738012,0.9212399457412802,0.9394575741010895,1.2255712798800193,0.8598980318690059,True,524547755.80520236,1851.5984188287605,0.8649055521612264,2312.284193893692,2327.4363835006543
210,14835848,True,,25,2025-05-26,0.26369683783174613,0.17262218858081915,0.7873046281003475,1.0011769130980614,1.3184841891587307,0.8631109429040957,True,404502608.34619236,1625.9790581946409,0.8995112493909376,2272.5228156698327,2287.6750052767948
211,3162179397,True,,26,2025-05-27,0.25440306303751364,0.1738268156478336,0.8351501553541868,0.8170791455012443,1.2720153151875682,0.8691340782391679,True,772597162.1298504,2247.1436657328936,0.8120369513299238,2371.5290532891304,2386.6812428960925
212,662131595,True,,18,2025-05-19,0.2746366770321304,0.1771090274010809,0.9854212211720244,1.0147742516037082,1.3731833851606519,0.8855451370054044,True,589313909.6795372,1962.581183000147,0.8422283775403562,2330.0968396760486,2345.2490292830107
213,452817500,True,,22,2025-05-23,0.28004145618662063,0.17525961631039091,1.0006311718631398,0.9996240373838752,1.400207280933103,0.8762980815519545,True,542897943.51451,1883.7071354088623,0.8586017403866811,2317.545080395393,2332.6972700023553
214,3785781853,True,,26,2025-05-27,0.16879538963373933,0.17955892162904133,0.18795201653764365,4.054969334965624,0.8439769481686966,0.8977946081452066,True,1847455371.4704626,3474.891611109226,0.5257862511968805,2504.9154813382097,2520.067670945172
215,2790272644,True,,23,2025-05-24,0.27151866091290006,0.17286492806190035,0.9999462052964042,0.9810125582302105,1.3575933045645001,0.8643246403095017,True,1019827134.1860667,2581.770095253552,0.7586463664117353,2414.006540986486,2429.158730593448
216,1595142574,True,,15,2025-05-16,0.27775753575015316,0.17733623355805075,0.9997917256927651,1.0033182490044856,1.3887876787507658,0.8866811677902537,True,855677136.1224293,2364.880762408125,0.7883709742962712,2387.155761912994,2402.307951519956
217,3581444862,True,,21,2025-05-22,0.2799982023780753,0.17158046170582078,1.0005864678377678,0.9995380417995416,1.3999910118903764,0.8579023085291039,True,427736067.9025035,1672.022898923985,0.9084975353297979,2281.0675836583464,2296.2197732653085
218,1320952360,True,,26,2025-05-27,0.24537562840401794,0.17377873937081317,0.8628627765721522,0.9099451394682159,1.2268781420200896,0.8688936968540658,True,513844087.4163527,1832.6096386542824,0.8606054775163675,2309.129856193081,2324.2820458000433
219,3675249756,True,,22,2025-05-23,0.28106709496378796,0.1727849145095003,0.9993772273707415,1.0086055379180805,1.4053354748189397,0.8639245725475014,True,604481440.4674715,1987.6768067325959,0.8642139548455651,2333.98487139185,2349.137060998812
220,3306018513,True,,22,2025-05-23,0.28017296596938857,0.1771984422521165,0.9891250995128599,0.9999258752828639,1.4008648298469428,0.8859922112605825,True,728494671.6278137,2182.0639501478254,0.8405079830220237,2362.536101045722,2377.688290652684
221,2090689493,True,,21,2025-05-22,0.279626382318538,0.17224841751228942,0.9996178687462445,0.9999139551123012,1.3981319115926898,0.861242087561447,True,688061113.3955251,2120.644114438222,0.8458890415027228,2353.799395620013,2368.951585226975
222,3717708733,True,,28,2025-05-29,0.18866169119490891,0.17643640026680535,0.09206038353481467,3.448596359274143,0.9433084559745445,0.8821820013340267,True,928114094.928349,2462.9464459484548,0.7488773620517588,2399.5887782650243,2414.7409678719864
223,2090002764,True,,21,2025-05-22,0.264829916154672,0.17806551876814364,0.9825348220282434,0.9765887286195225,1.3241495807733599,0.8903275938407181,True,595913587.5552554,1973.5399791696022,0.8444431435565034,2331.8007507877232,2346.9529403946854
224,2509678903,True,,22,2025-05-23,0.26609338354724177,0.17629857762488577,0.9999220401289336,0.9999176520242504,1.3304669177362087,0.8814928881244288,True,465386412.0043668,1744.0588450308958,0.8825427770291515,2293.9749256668474,2309.1271152738095
225,1241118840,True,,35,2025-06-05,0.21367199283973773,0.1708532706983895,0.17764897702429094,2.1027957788103135,1.0683599641986885,0.8542663534919474,True,649811180.1859591,2060.8570781692397,0.8382491251736657,2345.048433181558,2360.20062278852
226,2559044702,True,,19,2025-05-20,0.2794229984420648,0.17513024935257376,0.9847220427487258,0.9966211733183985,1.3971149922103239,0.8756512467628688,True,726406835.1615549,2178.9348527570032,0.8265942784153861,2362.0969796383633,2377.2491692453254
227,1080502851,True,,22,2025-05-23,0.28016485815734415,0.1753585185820887,1.0000647597348349,0.9997781607986499,1.4008242907867208,0.8767925929104434,True,548301501.5913653,1893.0583575372427,0.8670353192024776,2319.0603875141874,2334.2125771211495
228,477220997,True,,19,2025-05-20,0.27541266678635473,0.17689699412650622,1.004456871033284,1.0042230718967935,1.3770633339317735,0.8844849706325311,True,632396239.4942486,2033.0540462231618,0.8378519322253849,2340.8920857093112,2356.0442753162733
229,752205539,True,,18,2025-05-19,0.2798461099271238,0.17930192953624696,1.3580424580107715,0.5305935515548305,1.3992305496356188,0.8965096476812348,True,709504455.0863174,2153.435399581796,0.8202143492994033,2358.494830088578,2373.64701969554
230,2480092364,True,,22,2025-05-23,0.2857373699506354,0.1740425219207012,0.9998668153950433,0.999860785347508,1.428686849753177,0.8702126096035059,True,370425943.5086586,1555.983482590933,0.9113037198668309,2259.0581053504443,2274.2102949574064
231,4088663658,True,,20,2025-05-21,0.2761054377259071,0.17639617627939136,0.9998640331232062,0.8874901926124578,1.3805271886295356,0.8819808813969567,True,558515207.0535958,1910.6088531912499,0.8595073553343101,2321.8842359137548,2337.036425520717
232,2147746482,True,,20,2025-05-21,0.2560093899484705,0.17500185391706136,0.9443339533290168,1.0183180654758128,1.2800469497423523,0.8750092695853068,True,875856363.404665,2392.6034762997674,0.8131394367839473,2390.7220360382066,2405.8742256451687
233,255645609,True,,23,2025-05-24,0.28027874517890444,0.17469764971520063,0.9963337277714795,1.0245431914016943,1.4013937258945222,0.8734882485760032,True,291382458.20418614,1380.021924151378,0.9271109711985951,2222.335527517928,2237.48771712489
234,1768383617,True,,20,2025-05-21,0.28004703912456935,0.17430465918435037,0.9986747883719541,1.0005340594888503,1.4002351956228467,0.8715232959217518,True,786538776.0763404,2267.328012049524,0.8015720181573166,2374.2653429681704,2389.4175325751326
235,1367089003,True,,21,2025-05-22,0.27967554202258643,0.17411383407909817,0.9978475245552112,0.9990940716479233,1.398377710112932,0.8705691703954908,True,480385283.5133206,1771.9404885205104,0.8796864678600238,2298.8281471508744,2313.9803367578365
236,2959390250,True,,26,2025-05-27,0.27839151804555334,0.17193802046307605,0.9852289277802652,1.0139841578329427,1.3919575902277666,0.8596901023153802,True,589463332.6712775,1962.8299775393957,0.8601074254125289,2330.1356285447805,2345.2878181517426
237,3783125122,True,,20,2025-05-21,0.2669697528470605,0.17733831989259832,1.0003605181550121,1.000041820960263,1.3348487642353024,0.8866915994629916,True,544360083.3398558,1886.2420421136217,0.8565588539242375,2317.9565881012168,2333.108777708179
238,1773065017,True,,19,2025-05-20,0.27894548960685056,0.17613978390478358,0.9863196560695757,1.0090151978207575,1.3947274480342526,0.8806989195239179,True,867350732.4680648,2380.957587975684,0.7580411038790431,2389.2289582920826,2404.3811478990447
239,3925603621,True,,23,2025-05-24,0.2857996597051566,0.17445619455588385,1.0106037366166583,1.005616902837838,1.4289982985257828,0.8722809727794192,True,404298642.0668157,1625.5690648970992,0.8867849957954405,2272.4456475364,2287.597837143362
240,2507409521,True,,23,2025-05-24,0.2823797885150208,0.17616247305223273,0.9998529878748063,0.9975026880424972,1.411898942575104,0.8808123652611636,True,660553024.4409392,2077.8209809860296,0.8344260469572042,2347.5569555931343,2362.7091452000964
241,1576318641,True,,23,2025-05-24,0.2918298592323698,0.17571467126126722,1.0100453862618992,1.0161556380508965,1.459149296161849,0.878573356306336,True,453639209.3133974,1721.9065457727797,0.8821822710471195,2290.06334830684,2305.215537913802
242,344735336,True,,21,2025-05-22,0.2864988305103409,0.17531129348407182,1.0001479251130942,1.0013332990666202,1.4324941525517045,0.8765564674203591,True,457088840.5822753,1728.4411363930376,0.8840075935723022,2291.2224124387617,2306.374602045724
243,2357311949,True,,18,2025-05-19,0.2728907405030016,0.17674420967994925,0.9810509806310816,1.0197897045259727,1.3644537025150079,0.8837210483997462,True,490517266.17853296,1790.529308272071,0.8596530842507173,2302.021566768989,2317.173756375951
244,2247749284,True,,22,2025-05-23,0.27727473012285886,0.1739884180852941,0.9927109536246354,0.999477564678533,1.3863736506142943,0.8699420904264705,True,583575276.6340733,1953.0021746890984,0.8579191937751283,2328.5996515827715,2343.7518411897336
245,81153300,True,,24,2025-05-25,0.2799649380903254,0.17743745940044006,1.013202105833645,1.0046082810425572,1.399824690451627,0.8871872970022002,True,331253378.4092511,1471.4125053311116,0.9115086354026152,2241.9573005571124,2257.1094901640745
246,3892344150,True,,24,2025-05-25,0.27994004080913626,0.17622423082561917,1.0001159251568743,0.9971746454995697,1.3997002040456812,0.8811211541280958,True,586082480.4441488,1957.1930020688756,0.853491964384185,2329.2555746818834,2344.4077642888456
247,2293296505,True,,24,2025-05-25,0.27997092587655453,0.1765347106192528,1.0155219936938042,1.0069453269316768,1.3998546293827725,0.8826735530962639,True,628894802.304105,2027.4179501206145,0.8360829542457808,2340.042604901892,2355.194794508854
248,1808424460,True,,20,2025-05-21,0.2771434436824881,0.17344476739471945,0.9963624302118602,0.9990059869916752,1.3857172184124404,0.8672238369735972,True,527049265.9752842,1856.0082015667126,0.8630014090448646,2313.0120996788933,2328.1642892858554
249,2415010441,True,,22,2025-05-23,0.263224598789075,0.17553949575174468,1.0000514810692103,1.0001415321025626,1.316122993945375,0.8776974787587234,True,555057047.6006339,1904.6847089550067,0.8525733820516989,2320.933960626343,2336.086150233305
250,3395891597,True,,23,2025-05-24,0.2903508534931107,0.17356853849192358,1.0005508240572554,1.0606295128069196,1.4517542674655532,0.8678426924596179,True,627660958.5278509,2025.4281537651207,0.8688131362617242,2339.7421356918126,2354.8943252987747
251,4009987955,True,,20,2025-05-21,0.2799846261133917,0.17268835440002236,0.9998910490132813,0.9998609811496664,1.3999231305669584,0.8634417720001117,True,377044100.47657835,1569.8218134523129,0.917388734017959,2261.7675235692072,2276.9197131761694
252,3301015667,True,,23,2025-05-24,0.27977672459208974,0.1744375520517674,0.9993303153451614,1.000429365280358,1.3988836229604487,0.8721877602588369,True,489403320.6563543,1788.4950416743736,0.8845548967948088,2301.6737146254636,2316.8259042324257
253,1613843410,True,,21,2025-05-22,0.27969694117747745,0.17361399042976494,0.9996866274518958,1.0000405729992394,1.3984847058873873,0.8680699521488247,True,881009332.3293374,2399.631415500536,0.8159396497962087,2391.61955086614,2406.771740473102
254,1718915858,True,,24,2025-05-25,0.2800467235396483,0.17600419631378494,0.9998254403363328,0.9946783179034508,1.4002336176982415,0.8800209815689247,True,767945891.1864309,2240.369208581699,0.8315285048810214,2370.605162697134,2385.757352304096
255,3524226780,True,,19,2025-05-20,0.2798713407417198,0.17406670041214736,1.0000248776647636,0.9996419557637053,1.399356703708599,0.8703335020607368,True,442348158.7330487,1700.342446733515,0.8788458199693375,2286.206994398025,2301.359184004987
256,1110447413,True,,24,2025-05-25,0.2853406412871576,0.17285928014898402,1.0165667914573835,1.0449565882610934,1.4267032064357879,0.8642964007449201,True,440170471.481618,1696.1518759103992,0.8857760063503253,2285.4519127163094,2300.6041023232715
257,2340222216,True,,21,2025-05-22,0.2769537876946564,0.17462116667601757,1.002503555954655,0.9782278623782561,1.384768938473282,0.8731058333800878,True,632725551.0420762,2033.5833196409894,0.8499647464963289,2340.9717375947384,2356.1239272017006
258,3934866214,True,,18,2025-05-19,0.27614485564057356,0.17986902627505139,1.0090244176952081,0.9964003540755573,1.3807242782028677,0.8993451313752568,True,939368857.5724316,2477.8348887219113,0.7382664370846039,2401.4329713065354,2416.5851609134975
259,4185409368,True,,21,2025-05-22,0.2873040487317525,0.17686997561964585,0.9912155682145722,1.137586741144605,1.4365202436587625,0.8843498780982292,True,407798520.6526818,1632.589908148235,0.886098305331221,2273.7644176626422,2288.9166072696044
260,3563689561,True,,22,2025-05-23,0.266629921039939,0.17359102120925643,0.9996262184537409,0.9999636713037954,1.333149605199695,0.8679551060462821,True,416840541.70778483,1650.590192936515,0.9036856241715321,2277.119787861753,2292.2719774687152
261,2238955517,True,,23,2025-05-24,0.2869985249189419,0.1744804116437904,1.0125566477965078,1.0069668434711851,1.4349926245947093,0.872402058218952,True,360162774.33414423,1534.276722435519,0.9132160903920307,2254.759193664394,2269.911383271356
262,464869948,True,,22,2025-05-23,0.2695801399449239,0.1716960702467245,1.029046545457923,0.9920912855101567,1.3479006997246195,0.8584803512336225,True,599012123.448546,1978.6641751354255,0.8690871680201023,2332.5942345162653,2347.7464241232274
263,2281990794,True,,25,2025-05-26,0.27288833698146575,0.1749253297710702,1.0003366760513221,0.9517307641363865,1.3644416849073286,0.8746266488553509,True,676303386.7433326,2102.4470441573158,0.8321177175672163,2351.162304560654,2366.314494167616
264,2962293971,True,,23,2025-05-24,0.2717046835993821,0.16976092956514321,1.003036035733817,0.995175349299707,1.3585234179969103,0.8488046478257161,True,642697930.6989999,2049.546308315112,0.8550883696213276,2343.364362794361,2358.516552401323
265,2897789298,True,,22,2025-05-23,0.28082488120798627,0.17617256040331034,0.9994613480580344,1.0009924493710975,1.4041244060399312,0.8808628020165516,True,283178960.9683008,1360.456865227912,0.9193128176519745,2217.966210905632,2233.1184005125942
266,4052316334,True,,22,2025-05-23,0.27801339166190797,0.1755067871348726,0.9730988173882769,0.9974091812664861,1.3900669583095397,0.877533935674363,True,387820573.7196486,1592.0976702550915,0.8948887570438123,2266.0791608466707,2281.231350453633
267,1256496639,True,,20,2025-05-21,0.275780659831503,0.17267574061654703,0.9840594053532503,0.9998455120605887,1.378903299157515,0.8633787030827351,True,538637591.5985317,1876.301450895065,0.8687729470473051,2316.339688258884,2331.491877865846
268,2004467219,True,,21,2025-05-22,0.27599611153688297,0.17645204641006484,0.9997921345144442,0.9886623288204887,1.3799805576844149,0.8822602320503242,True,384473564.81832194,1585.2126407708274,0.8877744926863139,2264.7529936715696,2279.9051832785317
269,575089408,True,,21,2025-05-22,0.28022745161297624,0.17484829601670274,1.001994110570366,1.0006018036802236,1.401137258064881,0.8742414800835137,True,565884195.5382923,1923.171732665123,0.8578833862944053,2323.8897001247797,2339.041889731742
270,1926882155,True,,21,2025-05-22,0.28018344811567764,0.17508045045675052,1.0014543005372092,0.9354759762098521,1.400917240578388,0.8754022522837526,True,538143150.8051004,1875.4400804766258,0.846644408298529,2316.19917785833,2331.3513674652922
271,2271334276,True,,23,2025-05-24,0.27981039209988884,0.1762785780439192,1.0006458885765817,0.9997223949771771,1.399051960499444,0.8813928902195959,True,593644018.0160358,1969.7782264871132,0.8543603578916246,2331.2169294423556,2346.3691190493178
272,2916901138,True,,47,2025-06-17,0.1977908024423126,0.1750411794371555,0.13781183707045458,2.4821395351554028,0.9889540122115629,0.8752058971857775,True,1082439471.7158158,2659.84356475945,0.7131535972780525,2423.1229124804972,2438.2751020874593
273,84718577,True,,20,2025-05-21,0.2809698618363368,0.17953588926445116,1.4441293547270655,0.2822820139702747,1.404849309181684,0.8976794463222557,True,718534175.4815927,2167.0952449150186,0.8136244894442685,2360.429743618035,2375.581933224997
274,1059743087,True,,19,2025-05-20,0.28010292691064054,0.1749971212887563,1.0001077113371728,1.0000424388181255,1.4005146345532027,0.8749856064437814,True,493242166.96048605,1795.4957568353188,0.8873039762704537,2302.869153835123,2318.0213434420853
275,3944506176,True,,23,2025-05-24,0.2797334398899693,0.17405360928335856,0.998379323619417,0.9978425973583086,1.3986671994498463,0.8702680464167928,True,454930121.8525265,1724.354803754784,0.8815060152037255,2290.4981192034966,2305.6503088104587
276,2170600074,True,,27,2025-05-28,0.18643981048089736,0.17383937188016133,0.18039205201030672,4.145104158534253,0.9321990524044867,0.8691968594008066,True,1094382986.622747,2674.4775149412735,0.7357009893235971,2424.801851532939,2439.954041139901
277,409574608,True,,18,2025-05-19,0.27488777732881664,0.1787318409357682,0.9866197150457051,1.013959875865739,1.374438886644083,0.8936592046788409,True,534814211.2707536,1869.6303700795727,0.8493332938717499,2315.2497843390092,2330.4019739459713
278,1685943613,True,,21,2025-05-22,0.2694227517101524,0.17590518149466872,1.0282257840743647,1.0327830926211097,1.347113758550762,0.8795259074733436,True,443448229.0049731,1702.455414376835,0.8879745768217232,2286.587015902885,2301.739205509847
279,272230552,True,,23,2025-05-24,0.2800123333948062,0.17486793010474364,1.0176755775318027,0.998389817437798,1.400061666974031,0.8743396505237181,True,681183644.5708456,2110.0191192189654,0.8362239533702133,2352.2624000271044,2367.4145896340665
280,2637425972,True,,23,2025-05-24,0.27999755271229854,0.17649470396279232,1.079102346314289,0.9996050112820764,1.3999877635614926,0.8824735198139616,True,558734980.5245402,1910.9847246400093,0.8727546963966609,2321.944428951737,2337.096618558699
281,3335253741,True,,21,2025-05-22,0.2902228540622857,0.17398598286045255,0.9869429025950203,0.9907947111860174,1.4511142703114284,0.8699299143022627,True,510646306.129809,1826.8983432046734,0.8815462457847029,2308.174723516684,2323.326913123646
282,3720478889,True,,23,2025-05-24,0.2799273190514319,0.17543546853614267,0.9995603865968848,0.9997987885875568,1.3996365952571594,0.8771773426807133,True,510381231.2591932,1826.4241130990795,0.8792642859776754,2308.0952810831936,2323.2474706901558
283,1004780496,True,,23,2025-05-24,0.2844048890503503,0.17487061637918194,0.9889036799888306,0.9958608597175438,1.4220244452517512,0.8743530818959097,True,712765954.5179808,2158.3792553491253,0.8352333636353514,2359.196539530573,2374.348729137535
284,1885805796,True,,16,2025-05-17,0.27994769845802003,0.1780439840439148,1.0089489726951864,0.9443924758486701,1.3997384922901002,0.890219920219574,True,708283373.5167028,2151.5815334029085,0.8195548230501595,2358.2312849761497,2373.383474583112
285,3191205366,True,,20,2025-05-21,0.27214398384675065,0.17324494286018813,1.0015253708809935,1.0224951103698012,1.3607199192337531,0.8662247143009406,True,707689966.4443285,2150.6800360079583,0.8011951378072815,2358.1030462800863,2373.2552358870485
286,937792054,True,,23,2025-05-24,0.27788097797205324,0.17524109817607697,0.9989511842342825,1.1932728421780325,1.3894048898602662,0.8762054908803848,True,510140593.62609094,1825.9934955859408,0.8710795980535221,2308.0231267056015,2323.1753163125636
287,3466620198,True,,21,2025-05-22,0.27993377122201074,0.17035719889460732,1.0004344613178318,0.9996709271134202,1.3996688561100536,0.8517859944730366,True,631434409.9042243,2031.507392788841,0.8567083885252385,2340.6592064770266,2355.8113960839887
288,1481733069,True,,25,2025-05-26,0.2572667086422523,0.17389163029047758,0.9996542260344309,1.009318184780251,1.2863335432112615,0.8694581514523878,True,691631057.9648252,2126.1383847583033,0.8321065081777188,2354.591170407763,2369.743360014725
289,1797937666,True,,23,2025-05-24,0.28054148510755716,0.1752252568948089,1.0343186764062628,1.0004014376167678,1.4027074255377858,0.8761262844740444,True,579085556.2152281,1945.4749847889072,0.8669948306539941,2327.4179989130243,2342.5701885199865
290,772304300,True,,25,2025-05-26,0.1787296037089476,0.1752713436643956,0.1980728862800614,4.400005319908125,0.893648018544738,0.8763567183219779,True,1707927200.2238352,3341.0960592715633,0.6214962091094736,2492.9005832404077,2508.05277284737
291,2986881594,True,,24,2025-05-25,0.23670654469896163,0.17601661067713845,1.4284810042061546,1.1897001648875654,1.183532723494808,0.8800830533856921,True,548346410.2958035,1893.1358815430137,0.8704898421437206,2319.0729184855386,2334.2251080925007
292,878566657,True,,17,2025-05-18,0.28012013575356054,0.18115168639365523,1.0009955037220035,0.9975593142195872,1.4006006787678027,0.9057584319682761,True,590560892.157834,1964.6564870589225,0.827506798109542,2330.4202441422153,2345.5724337491774
293,3494871115,True,,23,2025-05-24,0.26297299093299525,0.17458361896929372,0.9995944122863085,0.999344530982034,1.3148649546649762,0.8729180948464685,True,588680371.2350403,1961.5259686578756,0.8264449968033042,2329.9322694520265,2345.0844590589886
294,4286200573,True,,25,2025-05-26,0.28282051238375694,0.17303500808586997,0.99218950780694,0.999981564008217,1.4141025619187846,0.8651750404293498,True,406612481.4805347,1630.2140712720611,0.9002762402427019,2273.3187848773546,2288.4709744843167
295,2441927219,True,,23,2025-05-24,0.28000000775587114,0.16999999927074635,1.0000001928256015,1.0000000501664277,1.4000000387793556,0.8499999963537317,True,1395622893.8060617,3020.2182471090296,0.5931104309582503,2462.0038187537966,2477.1560083607587
296,917943207,True,,19,2025-05-20,0.2791694064471717,0.17234983554490546,0.9755385643156306,1.0161809042894407,1.3958470322358585,0.8617491777245273,True,542238538.9878007,1882.5628112980341,0.8711153394515825,2317.3591334539137,2332.511323060876
297,2936602720,True,,22,2025-05-23,0.2658984664300642,0.17404487496960402,1.000044069217669,0.9998271798801928,1.329492332150321,0.8702243748480201,True,466325226.3863226,1745.8170856772572,0.8838356204144168,2294.2832585096135,2309.4354481165756
298,2909454020,True,,20,2025-05-21,0.27984953169232907,0.1774210253383577,1.0001653143868023,1.0003610057117678,1.3992476584616453,0.8871051266917885,True,776206132.3504808,2252.3860004673224,0.7719845926960756,2372.2420856607687,2387.394275267731
299,2395594063,True,,19,2025-05-20,0.27978336422655825,0.1744698670405879,1.00107961813158,0.9991968972527133,1.3989168211327911,0.8723493352029394,True,601095001.2373209,1982.10128355822,0.8586560126763326,2333.1253214752655,2348.2775110822276
300,509826957,True,,21,2025-05-22,0.27965199289824505,0.17344103773767658,0.9993553704767678,0.9999941270668841,1.3982599644912252,0.8672051886883828,True,688298735.8232234,2121.0102658554497,0.850476499790311,2353.8522251642917,2369.004414771254
301,3635324897,True,,23,2025-05-24,0.28001455861808355,0.17384300031992433,1.0969163358050695,1.00194173229937,1.4000727930904178,0.8692150015996216,True,359944365.0831852,1533.8114452445911,0.9183615393040605,2254.666383540477,2269.818573147439
302,485116702,True,,21,2025-05-22,0.2799025861750397,0.1751779881376254,1.0009017073911437,1.0004136734406694,1.3995129308751986,0.8758899406881269,True,825693035.0860021,2323.076947462154,0.8091432902145055,2381.6982440579036,2396.8504336648657
303,2085474854,True,,23,2025-05-24,0.29197411150412017,0.17513591504784484,1.0139377389700928,0.9399097502125296,1.4598705575206008,0.8756795752392241,True,338309735.61994946,1487.001930938238,0.909547307833149,2245.1822769716946,2260.3344665786567
304,1069063865,True,,27,2025-05-28,0.24466209857622317,0.17283564569122886,0.6004257254841524,1.323774571417695,1.2233104928811158,0.8641782284561442,True,976446409.3925207,2526.262590422482,0.7602620902321655,2407.355853278494,2422.5080428854562
305,4149682914,True,,25,2025-05-26,0.2800156852340799,0.17246636276485044,0.9229195265788861,1.0000770321698678,1.4000784261703993,0.8623318138242522,True,377507656.21955866,1570.78652339795,0.9117738668050441,2261.95551342403,2277.107703030992
306,3446359561,True,,26,2025-05-27,0.25766047332622205,0.1738936149210931,0.8110285487669951,0.7481417079618926,1.2883023666311102,0.8694680746054654,True,601864750.1978837,1983.369995044059,0.8526026901161912,2333.3211245466473,2348.4733141536094
307,2154930276,True,,23,2025-05-24,0.2799047439657956,0.17442601854094508,0.9996342904578585,0.9999593271190353,1.399523719828978,0.8721300927047254,True,323968063.02276325,1455.1420275733283,0.9144857101487742,2238.5547892180157,2253.706978824978
308,2968374869,True,,20,2025-05-21,0.27997825291528955,0.17318565164189678,0.9990584735029948,1.0004756786932087,1.3998912645764476,0.8659282582094838,True,472978970.37989885,1758.2280339809347,0.8795873194391793,2296.4509052905637,2311.603094897526
309,21513548,True,,23,2025-05-24,0.2816065366868024,0.1739407717257911,0.9993983635257554,1.0047033614038108,1.408032683434012,0.8697038586289554,True,484538863.24319756,1779.584410695975,0.8864667705323663,2300.1453525000366,2315.2975421069987
310,3942099350,True,,19,2025-05-20,0.273838145449516,0.17678288819448126,1.0041263038826995,0.999868439773751,1.36919072724758,0.8839144409724062,True,660878341.8841972,2078.33257368132,0.8297354382785294,2347.632288404345,2362.7844780113073
311,190280157,True,,19,2025-05-20,0.27971373645443126,0.1765305403397144,1.0000372863716602,0.9996634340007302,1.3985686822721561,0.882652701698572,True,663952394.5182998,2083.1606116923713,0.8279619584908721,2348.3423125367517,2363.494502143714
312,1394883599,True,,23,2025-05-24,0.2806093860165181,0.17607191036327358,1.0001979654779032,1.0007516715941633,1.4030469300825903,0.8803595518163678,True,567338307.5573134,1925.6410655795885,0.8473216397253427,2324.2823489830716,2339.4345385900338
313,1569515054,True,,20,2025-05-21,0.20009988076891508,0.17972055521557473,0.08290725376581778,2.3845609079975767,1.0004994038445754,0.8986027760778736,True,857119609.8012483,2366.8732439548457,0.7909912976760978,2387.4134673594363,2402.5656569663984
314,3954919314,True,,20,2025-05-21,0.28011362830137465,0.1727003707300559,1.0004231041541969,0.9997532020523728,1.4005681415068731,0.8635018536502794,True,500173010.1789812,1808.0665479159463,0.8879849893571372,2305.004084411615,2320.1562740185773
315,2602969680,True,,25,2025-05-26,0.2799542176869005,0.1717371472793751,0.9999955953605729,1.0008377857603121,1.3997710884345023,0.8586857363968755,True,589483398.447722,1962.863385361537,0.8611882919421003,2330.1408366915357,2345.293026298498
316,2856276165,True,,25,2025-05-26,0.16751110376087933,0.17950387549830266,0.21413561153064112,5.038939301731254,0.8375555188043966,0.8975193774915132,True,1479477400.9215999,3109.6281022218886,0.6307369276331909,2470.9310755235824,2486.0832651305445
317,1137767277,True,,25,2025-05-26,0.24035220255696246,0.17373860543767403,0.9386722925237114,1.0256852345610505,1.2017610127848122,0.86869302718837,True,642542562.2917757,2049.2985605182876,0.8485253508441073,2343.3273714817615,2358.4795610887236
318,3913705845,True,,23,2025-05-24,0.2375272805858319,0.17712238052328116,0.18766848461985458,1.9537787324803815,1.1876364029291593,0.8856119026164058,True,564526630.230892,1920.8634874599522,0.8448709381534936,2323.522209674132,2338.674399281094
319,1471996045,True,,21,2025-05-22,0.2796530716472983,0.17283808348425744,0.9991471492502044,0.9999740299816948,1.3982653582364915,0.8641904174212872,True,674444748.1998634,2099.5560504900636,0.8443496644096065,2350.741246231169,2365.893435838131
320,1605392308,True,,20,2025-05-21,0.2799198809074975,0.17755716130163246,0.999986748420599,1.000118084213061,1.3995994045374873,0.8877858065081623,True,764116550.2207999,2234.7764582697305,0.7960157541913451,2369.8403239125073,2384.9925135194694
321,2540565312,True,,29,2025-05-30,0.2188410216252713,0.172736076817702,0.0844031115990149,2.134253010972716,1.0942051081263564,0.86368038408851,True,743478433.1760252,2204.39020242542,0.8186814739836924,2365.651096418268,2380.80328602523
322,2743955408,True,,22,2025-05-23,0.2800616331017266,0.17443869318194533,1.0002794192149982,1.0000577514155424,1.400308165508633,0.8721934659097266,True,588006631.264174,1960.4031719260886,0.8655198616222807,2329.7570618962563,2344.9092515032185
323,2358013709,True,,22,2025-05-23,0.280018583822208,0.17528899185779417,1.0922966135026335,1.000902619055079,1.40009291911104,0.8764449592889708,True,534422962.18766993,1868.9463708663,0.8745373728213502,2315.137814583618,2330.29000419058
324,785431001,True,,18,2025-05-19,0.2797561422340379,0.17736330521893198,0.9998581260312213,0.9999050983458581,1.3987807111701893,0.8868165260946599,True,624470894.672756,2020.2745148885606,0.8168151899906875,2338.962535964202,2354.114725571164
325,3962099397,True,,23,2025-05-24,0.2869314061739675,0.17491151358282175,1.019017277285474,1.0326335637254398,1.4346570308698374,0.8745575679141088,True,594331578.7430395,1970.918598649758,0.856526415772021,2331.3940320752117,2346.546221682174
326,580396210,True,,23,2025-05-24,0.2799761786097199,0.17133717063111334,0.9997570184275761,0.9996614568894953,1.3998808930485995,0.8566858531555667,True,296563559.9433228,1392.237020481135,0.9301555292411603,2225.032132518498,2240.1843221254603
327,1111940663,True,,29,2025-05-30,0.18126601398245026,0.17423972978185726,0.1958956310031493,3.601244170406645,0.9063300699122513,0.8711986489092862,True,1175064134.98373,2771.309752624506,0.7049177054967246,2435.685048627683,2450.837238234645
328,2209314681,True,,25,2025-05-26,0.2349900395441942,0.17733178048868056,1.0392495914509106,0.9654610163740618,1.1749501977209709,0.8866589024434027,True,660626667.1844393,2077.9368022504104,0.8077145096455259,2347.5740120765763,2362.7262016835384
329,927142508,True,,21,2025-05-22,0.27845181595420004,0.17095348976153463,0.9995866608142945,0.9560735803805898,1.3922590797710002,0.8547674488076731,True,671953207.30779,2095.6743611915213,0.8313951448479994,2350.1749854312816,2365.3271750382437
330,602009756,True,,22,2025-05-23,0.27542887184977677,0.17289784975185332,1.0190196062569392,0.9990228610162663,1.3771443592488837,0.8644892487592666,True,325478119.00022674,1458.5293851416718,0.9221286687854454,2239.266284603785,2254.4184742107473
331,3769184622,True,,23,2025-05-24,0.24917113983737119,0.17352456255654147,0.9980434629643181,0.9225360352189753,1.245855699186856,0.8676228127827074,True,477696594.9228926,1766.9748065029935,0.8914963325774066,2297.9694096180883,2313.1215992250504
332,339105197,True,,19,2025-05-20,0.27984205947789226,0.17455472967810204,1.0001513137688693,0.9996986364878223,1.3992102973894611,0.8727736483905102,True,525610340.5107995,1853.4728761665124,0.8689439140732486,2312.593814923152,2327.746004530114
333,3833592766,True,,21,2025-05-22,0.2794971606961169,0.17504523681532314,0.9999531192772269,0.9968204523269547,1.3974858034805844,0.8752261840766157,True,641095563.1309764,2046.989760425642,0.8502680583740536,2342.9824285247187,2358.134618131681
334,3318073014,True,,21,2025-05-22,0.2870745249245427,0.17609807066640118,0.9998475432557832,1.0009480229613938,1.4353726246227134,0.8804903533320059,True,346509003.0045994,1504.9135275889632,0.9044187678657475,2248.8461599469106,2263.9983495538727
335,1277094228,True,,24,2025-05-25,0.28012670830001785,0.1765048146513905,1.0224375108521468,1.0143039598597656,1.4006335415000892,0.8825240732569525,True,786488003.2333472,2267.2548303129565,0.8174871253167335,2374.255466156049,2389.407655763011
336,2683821804,True,,22,2025-05-23,0.28204250486566107,0.17588673558146986,1.057386221591246,1.0134734933032954,1.4102125243283052,0.8794336779073493,True,444567487.54520774,1704.6025499325794,0.8799378107551292,2286.9726997238945,2302.1248893308566
337,769549475,True,,20,2025-05-21,0.28002853507791037,0.17468910590659611,0.9998737179652111,1.0001374698676924,1.4001426753895518,0.8734455295329805,True,529441380.5252727,1860.21535847432,0.8789622623273737,2313.704948504013,2328.857138110975
338,774005934,True,,20,2025-05-21,0.2783009933688857,0.17529184967389108,0.9975959041566177,0.9931292806076012,1.3915049668444284,0.8764592483694553,True,654335036.5497961,2068.0182748933303,0.8506797540765283,2346.1098982089634,2361.2620878159255
339,3909244034,True,,27,2025-05-28,0.23914262236555486,0.17255017047975035,0.9813465543229168,0.940264332061529,1.1957131118277742,0.8627508523987517,True,473982607.12374926,1760.0924796034244,0.8798936222439757,2296.775219355575,2311.927408962537
340,2183068065,True,,18,2025-05-19,0.274202013557719,0.1771880224593485,0.9821742345714936,1.0171321628364012,1.371010067788595,0.8859401122967425,True,613148377.9230002,2001.8755550879841,0.8359655677511868,2336.1629780801113,2351.3151676870734
341,889485357,True,,27,2025-05-28,0.17184868553920277,0.17913554183795113,0.09149907589750124,4.867646555680233,0.8592434276960138,0.8956777091897556,True,1539109973.447893,3171.6781536147305,0.6344814749446994,2476.976930515065,2492.129120122027
342,1258604040,True,,16,2025-05-17,0.2756568757862363,0.17657730984319492,0.9659253243031987,0.9929644364697559,1.3782843789311816,0.8828865492159745,True,825125706.6432602,2322.27872461351,0.8061225383635453,2381.5930825971536,2396.7452722041157
343,1069353891,True,,19,2025-05-20,0.2799326335279096,0.17509366545749586,0.9999477083136797,1.0002249021439882,1.399663167639548,0.8754683272874793,True,757718400.3208518,2225.4006033149008,0.8001852647440758,2368.5538207972427,2383.706010404205
344,3866485992,True,,20,2025-05-21,0.27997050336669205,0.1724488176951226,1.0000562363458054,0.9999056842368766,1.3998525168334601,0.862244088475613,True,649759024.2956343,2060.774371072243,0.8488953893384392,2345.036152427203,2360.188342034165
345,304660393,True,,22,2025-05-23,0.2793502519409538,0.17148738055485493,0.9988656476130205,0.9990694356796933,1.3967512597047689,0.8574369027742746,True,556708637.5502434,1907.5163291778192,0.865310139966616,2321.388541032184,2336.540730639146
346,3093102126,True,,22,2025-05-23,0.28134353811917723,0.17576477084243236,0.9961614395629875,0.999164130344337,1.406717690595886,0.8788238542121618,True,443388328.83091486,1702.3404282150475,0.8817508274241579,2286.5663475473375,2301.7185371542996
347,512683722,True,,24,2025-05-25,0.2813816742578678,0.1744382858020625,1.0092451216216332,1.0043965621520643,1.4069083712893389,0.8721914290103124,True,380225323.095628,1576.4304078170971,0.8954651953419814,2263.0530103689985,2278.2051999759606
348,3212681941,True,,18,2025-05-19,0.2731275441991094,0.17921714520907947,0.9812237521667327,1.0192721979808221,1.3656377209955468,0.8960857260453973,True,831612224.6712003,2331.3888601987496,0.7644644084700212,2382.7911505723087,2397.9433401792708
349,1007613359,True,,23,2025-05-24,0.2809023840349139,0.1768971760685282,0.9994348044794197,0.995986864472081,1.4045119201745695,0.884485880342641,True,738880844.0980337,2197.563778990782,0.8337423701619087,2364.7020236863245,2379.8542132932866
350,1862256507,True,,23,2025-05-24,0.2806228036735139,0.1745049472843157,1.0006191403582863,0.9993253708837737,1.4031140183675694,0.8725247364215785,True,512458828.39629954,1830.137729015321,0.8690311374474737,2308.7168304566976,2323.8690200636597
351,2034947711,True,,20,2025-05-21,0.2799547106239765,0.1752105141844377,0.9998870539434805,0.9703337430089186,1.3997735531198823,0.8760525709221885,True,578925210.6313038,1945.2056205159786,0.8513601091945526,2327.375628193857,2342.5278178008193
352,288421432,True,,21,2025-05-22,0.2799258944552698,0.1711074996724213,0.9999174837889626,0.9999571765144344,1.3996294722763487,0.8555374983621065,True,756775227.384321,2224.0151339946838,0.8351823059005506,2368.3632548215196,2383.5154444284817
353,2778372638,True,,29,2025-05-30,0.19173505391693232,0.17432767160092486,0.15950066619299869,3.872373928761806,0.9586752695846615,0.8716383580046242,True,1204303182.681656,2805.5770586291596,0.6593239720132538,2439.4455436707367,2454.597733277699
354,1675394907,True,,22,2025-05-23,0.27988129774544795,0.17514792185306974,1.0004436181491683,1.057668511362119,1.3994064887272397,0.8757396092653487,True,633565111.0698721,2034.932047603845,0.8510896199859629,2341.1746178763638,2356.326807483326
355,4134983409,True,,22,2025-05-23,0.27995857253694595,0.17657231691224276,1.0582412292495305,1.0010896938671783,1.3997928626847296,0.8828615845612138,True,497904959.941723,1803.9625228736961,0.8672304024900713,2304.308723339635,2319.460912946597
356,1734682755,True,,24,2025-05-25,0.2787625771826812,0.1748944520689952,0.9961740566052868,0.9998814185316895,1.393812885913406,0.8744722603449759,True,296092823.53603977,1391.131630239876,0.9197685765650427,2224.7890821187457,2239.941271725708
357,1390562301,True,,19,2025-05-20,0.27664472610512353,0.17602720992677998,0.9999196425635307,0.996537286364327,1.3832236305256176,0.8801360496338998,True,376286228.8350431,1568.2433218633228,0.9017994059452192,2261.4596788010836,2276.6118684080457
358,4124189812,True,,21,2025-05-22,0.2685948613623126,0.17700262318984444,1.000975610045633,0.9999721648836613,1.342974306811563,0.8850131159492222,True,488295866.6363198,1786.4703335138163,0.8673207276766703,2301.327103848378,2316.47929345534
359,2387471769,True,,23,2025-05-24,0.2836782866978221,0.17600352464594626,0.999513678807417,1.0009088950531204,1.4183914334891103,0.8800176232297313,True,613102537.0242064,2001.8007204367816,0.8508130382116501,2336.151538891878,2351.30372849884
360,1684242071,True,,27,2025-05-28,0.18079745773141884,0.17579784159279535,0.2317225629630435,3.582541791301879,0.9039872886570941,0.8789892079639767,True,1240185915.3981302,2847.0669638629515,0.6876731645342169,2443.9376500028593,2459.0898396098214
361,2626425352,True,,21,2025-05-22,0.27951178216105843,0.17634181475722024,1.0001508343918977,0.9989643404958537,1.3975589108052922,0.8817090737861012,True,470357612.0223334,1753.3490121239138,0.864479327143966,2295.600585545696,2310.752775152658
362,4102746728,True,,24,2025-05-25,0.2799849515943698,0.174304935029509,1.0298898198306878,1.0128906311746888,1.399924757971849,0.871524675147545,True,540618532.0628872,1879.7485092233394,0.8662095224775511,2316.901342206932,2332.053531813894
363,3301046817,True,,23,2025-05-24,0.2654802655626787,0.17254828662147023,1.0317800723346948,0.9955466857684302,1.3274013278133934,0.8627414331073511,True,658916620.6754389,2075.2456672832814,0.8382146737349337,2347.177454775647,2362.3296443826093
364,751686582,True,,19,2025-05-20,0.2743168675695873,0.17526217377219852,0.9986382337041033,1.001847937940849,1.3715843378479364,0.8763108688609925,True,797415326.0928793,2282.9509141512544,0.7784244296000637,2376.3665885866103,2391.5187781935724
365,2312208248,True,,19,2025-05-20,0.27826826726286574,0.17327784525796167,0.9854329997364406,1.0097395980119765,1.3913413363143285,0.8663892262898083,True,632867372.6326729,2033.8112145483658,0.8448006155838732,2341.0060277729563,2356.1582173799184
366,1858062550,True,,23,2025-05-24,0.2812605178852611,0.1752540539074704,0.9985441179214202,1.00014069540053,1.4063025894263053,0.876270269537352,True,525186632.3595941,1852.7256592284136,0.87400488283321,2312.4704279086827,2327.622617515645
367,1187661219,True,,19,2025-05-20,0.2747412560026226,0.176221108006108,0.9660325032460513,1.0043939204229542,1.373706280013113,0.8811055400305399,True,630060895.0358562,2029.296692352755,0.8339670739925913,2340.3260338412197,2355.478223448182
368,4014431483,True,,26,2025-05-27,0.2530176417315649,0.1721388345968284,0.8528841299006084,0.8283282240860365,1.2650882086578243,0.860694172984142,True,458918506.60372144,1731.8970418079175,0.9003877204495955,2291.833628657578,2306.9858182645403
369,1092297633,True,,19,2025-05-20,0.27959475494594654,0.1751719172266401,0.9871185734958453,1.0079806090103844,1.3979737747297327,0.8758595861332005,True,845200121.7612346,2350.3582285177317,0.7921500414395592,2385.2708481554923,2400.4230377624544
370,3665351181,True,,23,2025-05-24,0.28019002840672963,0.1751906539903516,0.9995285388791192,1.000503713653278,1.400950142033648,0.875953269951758,True,561506280.6092455,1915.7180612648895,0.8695819412049777,2322.7014262033777,2337.8536158103398
371,2385636437,True,,23,2025-05-24,0.27994648869166155,0.17448329592849599,0.9999616831112369,0.9998697110326406,1.3997324434583076,0.8724164796424799,True,413582755.6564257,1644.1275089628155,0.890252322631615,2275.9193306382836,2291.0715202452457
372,436689407,True,,23,2025-05-24,0.16419545504501143,0.18120195009407017,0.20528758617523388,4.650936518934559,0.8209772752250571,0.9060097504703508,True,1798255382.4414299,3428.3090807586123,0.5676856632307625,2500.785666405922,2515.937856012884
373,682048160,True,,20,2025-05-21,0.2707269615249751,0.17697130565142158,0.9985850007172553,0.9743899015512237,1.3536348076248754,0.8848565282571078,True,526674627.55996996,1855.3484382156755,0.8675496778280332,2312.903305182897,2328.055494789859
374,2898426033,True,,19,2025-05-20,0.2792340988775455,0.17676571299852217,0.9870567892127571,0.9991767043330841,1.3961704943877276,0.8838285649926109,True,755255434.1993797,2221.7808234492722,0.7986100482941634,2368.055683762928,2383.20787336989
375,2479859928,True,,27,2025-05-28,0.17928067581205165,0.17489678817205842,0.1857493699825976,4.530565477750939,0.8964033790602582,0.874483940860292,True,1269924631.0913458,2880.999997834977,0.6753645458901543,2447.5631767059117,2462.715366312874
376,99792761,True,,24,2025-05-25,0.2808443715101091,0.1735047382671397,0.9996010334493587,1.008236155890617,1.4042218575505454,0.8675236913356984,True,455370993.4470477,1725.1901352957825,0.8970020887112178,2290.6463193058626,2305.7985089128247
377,1009318395,True,,22,2025-05-23,0.2799784849129768,0.17439607991151682,0.9997258892575116,1.0001248958659148,1.3998924245648838,0.871980399557584,True,605301090.8943291,1989.02395167959,0.843308673707847,2334.192192180912,2349.344381787874
378,4002643412,True,,23,2025-05-24,0.2798529426546864,0.17631972932332649,1.0226860191930847,1.001891630501477,1.399264713273432,0.8815986466166323,True,475315689.64442647,1762.5658837070505,0.8671767216333672,2297.204929933229,2312.357119540191
379,2500747535,True,,20,2025-05-21,0.2721352565013723,0.17687870399352867,1.0190040273352416,1.0006975573500378,1.3606762825068615,0.8843935199676434,True,488555243.75398374,1786.944746712616,0.8700141375942236,2301.4083541013865,2316.5605437083486
380,1025212055,True,,23,2025-05-24,0.27982368119710027,0.17269801404414611,0.9978419280142969,1.0001033358233884,1.3991184059855013,0.8634900702207305,True,555183769.4369229,1904.9021202736442,0.8680974527220879,2320.9688871769417,2336.121076783904
381,108303100,True,,23,2025-05-24,0.2800760268762857,0.1675121668416087,1.0000108356898414,0.9989220690800674,1.4003801343814284,0.8375608342080434,True,1225740511.1562595,2830.4374025775933,0.6436832361171371,2442.1450806001344,2457.2972702070965
382,3709339939,True,,25,2025-05-26,0.2798006111660773,0.1723581807463656,0.9998896597372618,1.0004455890301656,1.3990030558303863,0.861790903731828,True,640709538.7949277,2046.3733883168272,0.8567863394137426,2342.890274537951,2358.042464144913
383,2193380627,True,,22,2025-05-23,0.2801029429939228,0.17409651727872733,1.0000801329526436,1.0000377611677371,1.400514714969614,0.8704825863936366,True,484375967.2341431,1779.2852483495724,0.8870982340550256,2300.0939071328353,2315.2460967397974
384,88750347,True,,23,2025-05-24,0.28296655550403604,0.1764806537684332,1.001034351319075,1.0083859738338912,1.41483277752018,0.8824032688421659,True,604977840.5665505,1988.4927792463086,0.850794744004993,2334.110463415682,2349.262653022644
385,3077398469,True,,22,2025-05-23,0.27538400461644547,0.17628327321032736,1.0004153820848607,1.011410160054573,1.3769200230822272,0.8814163660516368,True,671796338.2960782,2095.429726928881,0.8183203324202034,2350.139263061768,2365.29145266873
386,2496759441,True,,23,2025-05-24,0.2825504962101898,0.17552655409951506,1.0052829486036092,0.9977846432324122,1.4127524810509489,0.8776327704975753,True,711920312.8694139,2157.0985003756705,0.8389917829158253,2359.0149091037383,2374.1670987107004
387,1716278969,True,,20,2025-05-21,0.2800579124782255,0.1747518234853675,1.0002000457269942,1.0001754034781405,1.4002895623911273,0.8737591174268374,True,541624524.5778663,1881.4966309840565,0.8620168552402697,2317.1857827458257,2332.337972352788
388,833545892,True,,21,2025-05-22,0.27798824450853743,0.17098262754261814,1.0028914876342898,0.9992628277466942,1.389941222542687,0.8549131377130906,True,770165449.6776438,2243.6044903244883,0.8185967625624414,2371.0467337015893,2386.1989233085515
389,3391873846,True,,23,2025-05-24,0.2800323711046495,0.17768712558143174,0.9990941131695856,1.0004012009118908,1.4001618555232476,0.8884356279071587,True,776939940.6606822,2253.450427199941,0.8113709512463534,2372.3866601882596,2387.5388497952217
390,2697135537,True,,19,2025-05-20,0.27995069489368846,0.1738049462444367,0.9997396683488172,1.0000455770289807,1.3997534744684421,0.8690247312221835,True,581614890.3217932,1949.7190853831084,0.8571267722106676,2328.084818215146,2343.237007822108
391,1387839635,True,,17,2025-05-18,0.2268030429144576,0.17721499089158713,0.7120554670522183,1.698073559008119,1.134015214572288,0.8860749544579356,True,1151458501.1940477,2743.332381761977,0.7276883818718191,2432.580169389649,2447.7323589966113
392,3287722800,True,,24,2025-05-25,0.27995852593997145,0.17383825425495397,0.9997704183871988,1.0007403774669372,1.399792629699857,0.8691912712747698,True,396597361.36415493,1610.0123032943513,0.8937369108559146,2269.5031125225955,2284.6553021295576
393,2551504610,True,,27,2025-05-28,0.2570502395725179,0.17390957548504896,0.9944858662607585,0.9765361106191626,1.2852511978625893,0.8695478774252448,True,570024230.9347879,1930.1939198436069,0.8591615431997709,2325.0049805570466,2340.1571701640087
394,3236556991,True,,24,2025-05-25,0.2513070784392093,0.17394494665839563,0.8613008617624475,0.875240481979837,1.2565353921960465,0.8697247332919781,True,640386450.74586,2045.8573649734426,0.8525734362373995,2342.8131023776145,2357.9652919845767
395,2369163353,True,,23,2025-05-24,0.2792567785018467,0.17827105284366085,0.998541175653442,0.999723542536503,1.3962838925092336,0.8913552642183042,True,568880409.4545319,1928.2563654280864,0.8456872148447103,2324.6976594010644,2339.8498490080265
396,1781884168,True,,22,2025-05-23,0.2644800100280772,0.17705532553092065,0.9998880996789876,0.9999795709069393,1.3224000501403859,0.8852766276546032,True,537537002.0194354,1874.3835623183213,0.8602553385691889,2316.0267459811043,2331.1789355880665
397,4072907322,True,,22,2025-05-23,0.2581898742217667,0.17476018825681616,0.9998993267955788,0.7643254794374238,1.2909493711088333,0.8738009412840808,True,660873645.0149992,2078.3251883026696,0.8320052846671142,2347.631201027902,2362.783390634864
398,1727527871,True,,26,2025-05-27,0.2535401033863778,0.17386937545177897,0.8605139769277518,0.848001394482322,1.267700516931889,0.8693468772588948,True,738435192.4680833,2196.900955205067,0.8429097031323469,2364.60971479674,2379.761904403702
399,2595725176,True,,19,2025-05-20,0.2726517096919173,0.177679223914501,0.9998005263575106,0.9995566804576238,1.3632585484595865,0.888396119572505,True,500552385.10107255,1808.7521157822814,0.8653997998881302,2305.12008899416,2320.2722786011223
400,3766035956,True,,30,2025-05-31,0.18179504832154647,0.1769371745478791,0.17134337457630305,3.3459872121260137,0.9089752416077324,0.8846858727393955,True,1127844904.4917023,2715.0571492097874,0.7069918629096845,2429.4098941632355,2444.5620837701977
401,1483080598,True,,27,2025-05-28,0.24557173494308945,0.17238681284292198,0.8857595043496753,0.9247475374912728,1.2278586747154472,0.8619340642146098,True,462267513.33058107,1738.2049062979622,0.8852554747191567,2292.9461081690283,2308.0982977759904
402,1822452506,True,,19,2025-05-20,0.27636190628541235,0.17610702817867738,0.9899272707411602,0.9997027638866294,1.3818095314270618,0.8805351408933868,True,706758257.6199427,2149.2638314371293,0.8262400784384507,2357.9014815026367,2373.053671109599
403,1039623630,True,,23,2025-05-24,0.27939930476886093,0.1751749659528446,1.0133621782706042,1.0135792014643725,1.3969965238443045,0.8758748297642229,True,458381007.3231514,1730.8825194766246,0.8898261345528239,2291.6543253916534,2306.8065149986155
404,3374730182,True,,22,2025-05-23,0.2804792321560551,0.17575898392199646,0.9996097551419632,0.9985966166571191,1.4023961607802753,0.8787949196099822,True,416888119.94378334,1650.684389542997,0.8842001271915072,2277.1372503059524,2292.2894399129145
405,1603989056,True,,22,2025-05-23,0.2802201840537072,0.17569651493698604,1.0027122353899476,1.057559111783962,1.4011009202685358,0.8784825746849302,True,405831000.0911874,1628.646737839249,0.8964320113221158,2273.024446398044,2288.176636005006
406,3180652410,True,,22,2025-05-23,0.2801173734916244,0.1740958567903501,1.0001637723358319,0.999945408069462,1.4005868674581219,0.8704792839517506,True,446730582.6124476,1708.7444892356264,0.8890759201718279,2287.7153338799153,2302.8675234868774
407,4046295032,True,,22,2025-05-23,0.28238349525127165,0.17679761463531765,0.9929577242457543,1.0123239884129767,1.4119174762563582,0.8839880731765882,True,498300464.9021702,1804.6788588760924,0.8704015069855686,2304.430208849789,2319.582398456751
408,4102538580,True,,24,2025-05-25,0.2830944813033713,0.17341420563821633,1.0060302480028929,1.0003435165046237,1.4154724065168562,0.8670710281910816,True,695244708.6264229,2131.685498125321,0.8462097208381709,2355.3884873928428,2370.540676999805
409,587021769,True,,21,2025-05-22,0.2798040588437503,0.17060377054920017,0.9992115763045202,1.0002565705065933,1.3990202942187515,0.8530188527460009,True,454476425.87529397,1723.4947508036319,0.8740674902203847,2290.345458129197,2305.4976477361593
410,1432968478,True,,18,2025-05-19,0.27726674032580273,0.17860321734359053,1.00694021243205,0.9971354207063658,1.3863337016290136,0.8930160867179526,True,1026261431.9359717,2589.901746863198,0.730021382395892,2414.968816830387,2430.121006437349
411,1301161094,True,,19,2025-05-20,0.2782527114471939,0.17621319759199133,0.9576693853030326,0.966666426107001,1.3912635572359693,0.8810659879599566,True,728472479.7931235,2182.03071423469,0.8325543786387413,2362.5314401984206,2377.6836298053827
412,2186111899,True,,22,2025-05-23,0.28001575036176657,0.176090082608905,1.10049549800699,1.000930760572601,1.4000787518088327,0.8804504130445249,True,261076401.21937993,1306.2854616492555,0.930476799223647,2205.5325160837224,2220.6847056906845
413,848074192,True,,23,2025-05-24,0.2802228538406643,0.17349189908929918,0.999976291811593,1.000284143172029,1.4011142692033214,0.8674594954464959,True,422061621.62447304,1660.895147309436,0.8918646885393007,2279.0242663014183,2294.1764559083804
414,3835466297,True,,27,2025-05-28,0.2493770662782916,0.1728349007375175,0.7972707700201009,0.8451007918252843,1.2468853313914579,0.8641745036875875,True,623369543.465904,2018.4921950820656,0.8553585348069899,2338.692458519597,2353.844648126559
415,970916522,True,,25,2025-05-26,0.25148432483148697,0.1722212092192478,0.8757284325647322,0.9127514035954428,1.2574216241574347,0.861106046096239,True,567168299.3092859,1925.3525257538436,0.8815297833305688,2324.2364942265003,2339.3886838334624
416,1544062295,True,,40,2025-06-10,0.20508587191337088,0.1735723592904133,0.1544362565242662,2.116154700479053,1.0254293595668544,0.8678617964520664,True,747799806.0002488,2210.7872876815118,0.8040244218337413,2366.537814772187,2381.6900043791493
417,506384291,True,,24,2025-05-25,0.253007960397196,0.17323729835923118,1.0179916229015744,0.9298519068670743,1.2650398019859799,0.8661864917961559,True,638823648.858519,2043.359480462395,0.8467921751634333,2342.439264166368,2357.59145377333
418,1766818810,True,,22,2025-05-23,0.28211380767188643,0.1764760972889115,0.9933574627497567,1.0000400198825203,1.410569038359432,0.8823804864445575,True,635495014.0806723,2038.0289947725978,0.8340732979787467,2341.63996287054,2356.792152477502
419,1243433664,True,,24,2025-05-25,0.23267722526910128,0.17153794251839097,0.21441767465581638,2.13699879121701,1.1633861263455063,0.8576897125919548,True,574717368.714719,1938.1234922826854,0.8741556980648223,2326.259506650175,2341.411696257137
420,362427193,True,,22,2025-05-23,0.282082492751518,0.17407691740610168,0.9993771080265093,0.9999222474908457,1.4104124637575899,0.8703845870305084,True,531314463.6320304,1863.5030327720226,0.8763288457661691,2314.245283991716,2329.397473598678
421,2173897931,True,,20,2025-05-21,0.2799868002932564,0.1721722195702699,0.9999839464398556,1.0002011633209817,1.399934001466282,0.8608610978513495,True,631149048.4001975,2031.0482956065466,0.8650115103853568,2340.5900462000213,2355.7422358069834
422,3699224892,True,,20,2025-05-21,0.2799656649641245,0.17119866834303638,0.999619589063606,0.9998997526125297,1.3998283248206225,0.8559933417151818,True,617512114.1540304,2008.9865330299315,0.8601903182192756,2337.248012410546,2352.400202017508
423,1383107378,True,,22,2025-05-23,0.2775708776206513,0.1744392720544661,1.000446805531932,1.0057864460472858,1.3878543881032563,0.8721963602723305,True,583718824.9928963,1953.242360514388,0.8510649370250581,2328.637282029083,2343.789471636045
424,2908718602,True,,23,2025-05-24,0.2839924102039729,0.175770767878228,1.0004109302154154,0.9794152434200168,1.4199620510198645,0.87885383939114,True,423564051.348874,1663.848698793343,0.8939012971201143,2279.567939458605,2294.720129065567
425,1705518753,True,,24,2025-05-25,0.22504974762655733,0.1758669172623613,0.1555619907284638,1.9950045306269872,1.1252487381327865,0.8793345863118065,True,792074381.402895,2275.29267154698,0.8226159514332139,2375.3383748030456,2390.4905644100077
426,2829809798,True,,23,2025-05-24,0.2799552558059478,0.17462315110728344,0.9995982717400658,0.9995920681751749,1.399776279029739,0.8731157555364172,True,533027666.32090724,1866.5050110690297,0.8751130836884446,2314.7378328261548,2329.890022433117
427,1669230291,True,,15,2025-05-16,0.27999761819362134,0.1781421086924019,0.9977685918674163,1.000946732546357,1.3999880909681066,0.8907105434620095,True,822267275.7591784,2318.252773101896,0.7874718413485873,2381.062134160648,2396.21432376761
428,2471242302,True,,23,2025-05-24,0.26533223072356643,0.17255837676876476,0.9871203018031786,1.0000868631655966,1.326661153617832,0.8627918838438238,True,552006354.5151609,1899.4432526489786,0.8751559316451165,2320.0907257715817,2335.242915378544
429,2246318961,True,,25,2025-05-26,0.28036657127421544,0.17360063470866882,0.9987511064094575,0.9997226742166653,1.4018328563710771,0.8680031735433441,True,385145624.05525887,1586.5975105526568,0.9016324113096026,2265.020203977326,2280.1723935842883
430,2798837821,True,,27,2025-05-28,0.2553274965108316,0.16916926457992681,0.8989074019492744,0.9590981148153804,1.2766374825541578,0.845846322899634,True,1094935295.6658373,2675.1523023845175,0.7391319752244327,2424.8790475131386,2440.0312371201007
431,2395163845,True,,22,2025-05-23,0.28422668107658133,0.17862520294568057,0.9960182777310881,1.0190397762311043,1.4211334053829066,0.8931260147284028,True,560455941.8240545,1913.9254768345013,0.8613051930450781,2322.4149604421114,2337.5671500490735
432,2930303433,True,,23,2025-05-24,0.2804229834055832,0.17708150240237336,1.0001265580657324,1.0011613068878042,1.402114917027916,0.8854075120118667,True,622147514.4896562,2016.512738396512,0.8359633161947625,2338.392229000994,2353.5444186079562
433,2730389266,True,,32,2025-06-02,0.16333229380215208,0.18149862656842192,0.14254912090487903,4.35342915179921,0.8166614690107604,0.9074931328421095,True,1865475348.4492521,3491.7974363169496,0.5146755639068998,2506.400603648918,2521.5527932558803
434,2242999639,True,,23,2025-05-24,0.28011883957007294,0.17355637322706663,0.9881753007822984,0.9998810743811903,1.4005941978503647,0.8677818661353331,True,366868585.0445603,1548.4940714061945,0.9074371561506176,2257.581680265289,2272.733869872251
435,1351785291,True,,23,2025-05-24,0.294199220946253,0.17365180009039338,1.024975877385581,1.0138116965983726,1.470996104731265,0.8682590004519669,True,485081403.97880775,1780.58043701259,0.8877928125101642,2300.316571572115,2315.4687611790773
436,2830208635,True,,23,2025-05-24,0.271192983476099,0.1713750771126358,1.0002769247482781,0.9979086215346683,1.3559649173804948,0.856875385563179,True,948875546.3983401,2490.3415341779723,0.7531379478878188,2402.97359356624,2418.1257831732023
437,2266960023,True,,26,2025-05-27,0.25171078111346484,0.17340141057278757,0.806973905138076,0.7996969026839847,1.258553905567324,0.8670070528639379,True,457523566.3998743,1729.2628797232423,0.8835228411818363,2291.367857776249,2306.520047383211
438,258117894,True,,21,2025-05-22,0.2761826341795666,0.17527212917251328,0.9998752983799576,0.9889851873768887,1.380913170897833,0.8763606458625663,True,350296342.09399056,1513.1155196407562,0.9071186647393527,2250.5093750502133,2265.6615646571754
439,4011799330,True,,18,2025-05-19,0.27371482655644697,0.1780409350567798,0.9828186860659447,1.0175095812505484,1.3685741327822347,0.8902046752838989,True,788097084.802496,2269.5729418942246,0.7973427079796955,2374.568170204435,2389.720359811397
440,3903223600,True,,21,2025-05-22,0.27996913817043434,0.17149579941803297,0.9999278387477719,1.00009686382941,1.3998456908521717,0.8574789970901648,True,865960851.271137,2379.049147224452,0.8198732025205084,2388.983587672394,2404.1357772793563
441,585352440,True,,19,2025-05-20,0.28104862496106575,0.1753791327111833,0.937555722088553,0.9295573592893006,1.4052431248053288,0.8768956635559164,True,732475258.4078491,2188.017365011938,0.8255949602769307,2363.3698365961745,2378.5220262031366
442,1266027175,True,,30,2025-05-31,0.16173268352273837,0.18134983319303244,0.21747084302709158,4.670582361105786,0.8086634176136918,0.9067491659651622,True,2012521726.5753465,3626.8080697773717,0.4815692680140756,2518.0091155678783,2533.1613051748404
443,3935681182,True,,20,2025-05-21,0.2784216059313017,0.17487740994636217,0.9995789054590026,1.0018654147972852,1.3921080296565085,0.8743870497318108,True,774911213.5682284,2250.5064260402705,0.8163469263167822,2371.9866277223573,2387.1388173293194
444,751802350,True,,19,2025-05-20,0.2797349552144668,0.17461782538573078,1.000617870492573,0.9997077631018809,1.398674776072334,0.8730891269286539,True,880963465.3921964,2399.5689501146294,0.7664866130754722,2391.6115852024327,2406.763774809395
445,3582167299,True,,21,2025-05-22,0.27987822104301163,0.1710799516847887,0.9998680338377082,1.000186975642304,1.399391105215058,0.8553997584239434,True,898793068.3468741,2423.7294607689155,0.7451654261355215,2394.677196104247,2409.829385711209
446,1158160671,True,,19,2025-05-20,0.27990517995929937,0.17468229316237127,0.9997907974277268,0.9997652116113823,1.3995258997964968,0.8734114658118564,True,631083231.8644174,2030.94239348382,0.8364200369713914,2340.5740904521913,2355.7262800591534
447,2946735302,True,,24,2025-05-25,0.2800366735762831,0.17276178052972438,0.99973247047798,1.0002839450521561,1.4001833678814153,0.8638089026486219,True,444163190.3238746,1703.827276380368,0.9002408398284255,2286.8334956192734,2301.9856852262355
448,4278061745,True,,24,2025-05-25,0.16569660842528774,0.1790096833748318,0.05631979857702528,4.045508138482055,0.8284830421264386,0.895048416874159,True,1697738863.5981433,3331.1157953181287,0.585989630620547,2491.9851557587995,2507.1373453657616
449,98018164,True,,30,2025-05-31,0.16786053708847104,0.1795278020547026,0.01762455817741642,4.341316745859843,0.8393026854423552,0.8976390102735129,True,1882258919.1185293,3507.4700107900703,0.5376479996217102,2507.77098014625,2522.9231697532123
450,2233712574,True,,20,2025-05-21,0.27210748939966484,0.17663789275576677,0.9988065491984008,1.0006881147325581,1.360537446998324,0.8831894637788338,True,548021669.1944706,1892.5752231093113,0.8637444311278781,2318.9822821547546,2334.1344717617167
451,2372383148,True,,22,2025-05-23,0.2801584009089322,0.17607139676288644,1.0005051448591407,1.0000470824449423,1.400792004544661,0.8803569838144322,True,621321680.4072417,2015.1739418059192,0.8420093341558564,2338.1890030043946,2353.3411926113567
452,3515092981,True,,23,2025-05-24,0.2842366074969996,0.1732122497825639,0.9999459454327971,1.010878295689476,1.4211830374849979,0.8660612489128194,True,360992518.5872699,1536.043041734374,0.914822195211185,2255.111270194913,2270.263459801875
453,2065052442,True,,19,2025-05-20,0.27961707363353705,0.17371987397514632,0.9890395466858003,1.007508628981649,1.3980853681676852,0.8685993698757316,True,565640117.3932832,1922.7569350619044,0.8669378086422523,2323.82369366546,2338.975883272422
454,3213930597,True,,20,2025-05-21,0.27995997636286046,0.17451223708647365,0.9995138521623097,1.0001095682371786,1.3997998818143023,0.8725611854323682,True,884781088.2163405,2404.7625515876957,0.8022087871358512,2392.2731726342186,2407.4253622411807
455,1964349966,True,,27,2025-05-28,0.18923482673657616,0.1746166550955514,0.27955755359306717,3.8538600905647686,0.9461741336828807,0.873083275477757,True,1144691370.8813899,2735.259210191456,0.70699805831932,2431.678334585127,2446.830524192089
456,2318446737,True,,20,2025-05-21,0.284789017096365,0.1738116845501653,0.6948727322162724,1.0001468577844663,1.423945085481825,0.8690584227508265,True,518797005.70272565,1841.4206750854607,0.8794674939037587,2310.59755356441,2325.7497431713723
457,3924526836,True,,20,2025-05-21,0.2797907084392989,0.1750838859388101,0.9996966100873346,0.999822442847424,1.3989535421964943,0.8754194296940505,True,845659401.1756141,2350.996730877945,0.80150123826002,2385.3539653526045,2400.5061549595666
458,1376147201,True,,22,2025-05-23,0.2801227290094393,0.17395470107984587,1.1698809471109364,1.0006423251118883,1.4006136450471964,0.8697735053992293,True,732379832.5955329,2187.8748345081517,0.8429080564208028,2363.3499026799877,2378.50209228695
459,3266037059,True,,20,2025-05-21,0.27998077268623967,0.17578387159445763,0.7424839450764806,0.9942553397933526,1.3999038634311982,0.8789193579722882,True,554917987.6217076,1904.4461010424702,0.8636610804828532,2320.895624310279,2336.047813917241
460,2139766713,True,,18,2025-05-19,0.2793735843996053,0.17838929823190247,1.3551222804826693,0.6895060817923648,1.3968679219980265,0.8919464911595123,True,839977301.9330013,2343.0850870278477,0.762106087288195,2384.322468499974,2399.474658106936
461,1178713525,True,,18,2025-05-19,0.27986251840093374,0.174990102550801,0.999743093020655,0.9996422623400022,1.3993125920046685,0.8749505127540049,True,822547697.4270184,2318.6480417159178,0.7818483301343,2381.1143035733717,2396.266493180334
462,4051353659,True,,23,2025-05-24,0.2805609712426482,0.17476058961679822,0.9993062629449669,0.9995284400572985,1.4028048562132411,0.8738029480839911,True,494726918.60411704,1798.196116090326,0.8747781360699247,2303.3290208002218,2318.481210407184
463,225763729,True,,15,2025-05-16,0.2745120744047444,0.17853484712823248,1.0143161662273446,1.0160216051844868,1.3725603720237218,0.8926742356411623,True,891905511.7754506,2414.4249396868877,0.7772035151301311,2393.50022376084,2408.652413367802
464,17398593,True,,25,2025-05-26,0.24057680618382807,0.17099645300317612,1.9661804853471454,1.181213486384278,1.2028840309191402,0.8549822650158806,True,999019600.4468431,2555.2964352891795,0.7619775234059774,2410.8525963695092,2426.0047859764713
465,1835760507,True,,19,2025-05-20,0.279954714391727,0.1767530708523318,1.000900428925301,0.9991542981418113,1.3997735719586348,0.8837653542616589,True,610312795.0191474,1997.2412264083214,0.8361918713346381,2335.4537688780533,2350.6059584850154
466,777066049,True,,23,2025-05-24,0.2821287720543513,0.17479755231210278,0.9997120215485323,1.0060261952309726,1.4106438602717564,0.8739877615605138,True,698620852.7362417,2136.8550171429883,0.8447131450903653,2356.129665126603,2371.281854733565
467,3646167997,True,,23,2025-05-24,0.29125106823405383,0.1762952623854647,1.0198308879463616,1.0123557795942921,1.456255341170269,0.8814763119273235,True,415951057.3697349,1648.8281784023743,0.8990294527536206,2276.7929566218063,2291.9451462287684
468,2714882568,True,,21,2025-05-22,0.2797437199500165,0.16954516243041598,0.9997910933149513,0.9922012970088686,1.3987185997500824,0.8477258121520799,True,1738231590.7798865,3370.6068874033685,0.5906455346852377,2495.591516279265,2510.743705886227
469,1010215179,True,,26,2025-05-27,0.2175546576070595,0.17768921378542343,0.220525665683919,1.8965538354102536,1.0877732880352975,0.8884460689271171,True,644700371.025111,2052.7366892021987,0.8165588935468698,2343.840320571464,2358.992510178426
470,3801115529,True,,24,2025-05-25,0.2744509676337974,0.17258332072564947,0.9863923264052809,0.998896167288599,1.372254838168987,0.8629166036282473,True,405875007.191301,1628.735038236651,0.9043262550456482,2273.041036361069,2288.193225968031
471,2946762390,True,,23,2025-05-24,0.2901709581845727,0.17431566976240337,1.01803832380184,1.0100986700252157,1.4508547909228635,0.8715783488120168,True,574300954.1343048,1937.421226118305,0.8674023971555923,2326.148609491573,2341.300799098535
472,570924817,True,,17,2025-05-18,0.2799777965959182,0.17426617214139287,0.9985548045354696,1.0000006477141763,1.3998889829795909,0.8713308607069643,True,1054583489.348379,2625.3956929881347,0.732060310052741,2419.133992578565,2434.286182185527
473,4148437890,True,,27,2025-05-28,0.18055220708092246,0.17910404537197747,0.1638191355504617,4.396355364168186,0.9027610354046123,0.8955202268598873,True,1294878176.1826644,2909.167587727023,0.6634901900571284,2450.540413676689,2465.692603283651
474,3253067746,True,,23,2025-05-24,0.15545712557504565,0.18647985743400206,0.24790232978023027,3.754416827328986,0.7772856278752283,0.9323992871700102,True,2133335336.7202766,3734.0819773885546,0.4816115379677446,2526.928727119818,2542.0809167267803
475,4094181413,True,,19,2025-05-20,0.27293078546478994,0.17683439769213893,0.9986471020118494,1.0107755365475612,1.3646539273239495,0.8841719884606947,True,682263519.1865185,2111.6909545417825,0.8113865733212717,2352.50475756781,2367.656947174772
476,988925232,True,,23,2025-05-24,0.2811658621253348,0.1744823537549564,0.9956506159117212,0.9980355191647453,1.405829310626674,0.872411768774782,True,575768495.3248513,1939.8950435270947,0.8572195413913651,2326.5390796916613,2341.6912692986234
477,1273631264,True,,22,2025-05-23,0.2800171402629584,0.17552127068468756,0.9997709863733134,0.9978437139750544,1.4000857013147918,0.8776063534234377,True,356911865.2251359,1527.3366652618458,0.9056626182808647,2253.3719112981303,2268.5241009050924
478,4116803083,True,,23,2025-05-24,0.2796376057476758,0.17457108784990624,0.9996052681202076,1.0000896639319095,1.398188028738379,0.8728554392495311,True,718409912.983531,2166.9078492966282,0.8095934500184749,2360.4032816806453,2375.5554712876074
479,1924450479,True,,23,2025-05-24,0.27994920588049554,0.1748232298407024,1.0000054068807782,0.9999270139920375,1.3997460294024777,0.8741161492035119,True,497402821.6419531,1803.0526432306772,0.8670778868336054,2304.1543446282362,2319.3065342351983
480,704361797,True,,21,2025-05-22,0.2795473896069131,0.1719724360448194,0.9999432949661443,0.9991359686758526,1.3977369480345654,0.859862180224097,True,559942400.9507619,1913.0484192984095,0.8812443481107922,2322.274703613595,2337.4268932205573
481,2097727308,True,,20,2025-05-21,0.2800405947647439,0.17815807787227786,1.0001043514489485,0.9999318178091752,1.4002029738237194,0.8907903893613892,True,621162237.7337456,2014.915359700379,0.8319130944341422,2338.149735326443,2353.301924933405
482,910831129,True,,23,2025-05-24,0.2804659615222803,0.17566785488900294,0.9994106115737502,0.9993677086208481,1.4023298076114015,0.8783392744450147,True,458633300.1462993,1731.3587926625898,0.8878152967953545,2291.7385133974485,2306.8907030044106
483,3505102094,True,,26,2025-05-27,0.2572431053938103,0.17137338619245462,0.8024765377742583,0.8692482798945039,1.2862155269690514,0.8568669309622731,True,531705259.09455276,1864.188234020326,0.8772037081755176,2314.3577780634273,2329.5099676703894
484,2845564446,True,,20,2025-05-21,0.2779098640210647,0.16869442124437153,0.9963814857184753,0.993911815445207,1.3895493201053235,0.8434721062218576,True,1248772384.5242395,2856.905845484298,0.7043070254367139,2444.993300463588,2460.1454900705503
485,1548935597,True,,22,2025-05-23,0.28862293355361235,0.17364801463071963,0.9970606677890913,0.9985606314773625,1.4431146677680617,0.8682400731535981,True,513845469.8663209,1832.6121038859496,0.8830389244912984,2309.1302678248694,2324.2824574318315
486,2841948198,True,,23,2025-05-24,0.2806428073802614,0.17372118511479837,0.999579801509309,1.0017885529509152,1.403214036901307,0.8686059255739917,True,517411726.6852395,1838.960573641206,0.8722316383962943,2310.188470318309,2325.340659925271
487,597864401,True,,22,2025-05-23,0.2798197711550912,0.17493496987248308,0.9998232278092789,0.9986591227166407,1.399098855775456,0.8746748493624154,True,526152290.4081397,1854.4281757125916,0.8716355160676417,2312.7514899330713,2327.9036795400334
488,235012668,True,,23,2025-05-24,0.2810223409582886,0.1741396452901835,1.0229463610676681,1.0076148475582187,1.405111704791443,0.8706982264509174,True,588775163.3444824,1961.6838894149284,0.8569397835168292,2329.9569042553803,2345.1090938623424
489,423780640,True,,23,2025-05-24,0.2804204315872529,0.17324128369651726,1.0003339765263686,0.9999179816766494,1.4021021579362642,0.8662064184825863,True,362998979.1784264,1540.3059266169869,0.9086735443262152,2255.95931677377,2271.111506380732
490,1241384771,True,,20,2025-05-21,0.27994687921333267,0.17265632259771901,0.9999175290648377,0.9998170387274373,1.3997343960666633,0.8632816129885951,True,760556795.0704796,2229.564855505463,0.829567104377513,2369.1258842860475,2384.2780738930096
491,187796496,True,,23,2025-05-24,0.2800210151191687,0.17515733319180607,1.059960817021809,1.000179313728531,1.4001050755958435,0.8757866659590303,True,546693615.1751071,1890.280636174807,0.8764716687367645,2318.611058024525,2333.763247631487
492,2362529210,True,,21,2025-05-22,0.2799265246269981,0.17429738186513874,0.9995972882950821,0.9997277269841536,1.3996326231349903,0.8714869093256936,True,519084245.4677535,1841.9303696712705,0.8730472358778014,2310.682240873525,2325.8344304804873
493,3129458947,True,,21,2025-05-22,0.28888040017071687,0.17406327895916704,0.9999484956507255,1.0017806340202637,1.4444020008535843,0.8703163947958351,True,400612386.6234409,1618.1414066508262,0.8995772107317532,2271.0442478640925,2286.1964374710547
494,331529665,True,,24,2025-05-25,0.28120224796114046,0.17158082206004033,1.0471851565101225,1.0116349895458134,1.4060112398057023,0.8579041103002016,True,417387139.3066573,1651.6720371623917,0.9052760233515654,2277.3202833535674,2292.4724729605296
495,685246410,True,,23,2025-05-24,0.2557724743188974,0.17511582686899582,0.858860512301761,0.8843641843675732,1.278862371594487,0.875579134344979,True,544317881.4322245,1886.1689245598666,0.8698529828191833,2317.944726206185,2333.096915813147
496,630840322,True,,23,2025-05-24,0.28000387162311813,0.17386226432338645,1.0330719277115898,0.9996772891038299,1.4000193581155906,0.8693113216169321,True,598076031.4779866,1977.1175154225816,0.8604243657864294,2332.354950383181,2347.507139990143
497,654045592,True,,21,2025-05-22,0.2623837224392978,0.17761288206876244,1.0015817960808802,1.026871018658186,1.311918612196489,0.8880644103438121,True,752449888.8470161,2217.650362369835,0.8313758065112442,2367.4862768267194,2382.6384664336815
498,4225190238,True,,33,2025-06-03,0.20636437444719388,0.17589487209747345,0.6638852461492513,1.7860001969496815,1.0318218722359693,0.8794743604873673,True,652604567.4278032,2065.281900756767,0.8175084743599785,2345.7047349870654,2360.8569245940275
499,2661821535,True,,25,2025-05-26,0.27970683707313265,0.1733272751097489,0.9998302003349844,1.0009082490655166,1.3985341853656632,0.8666363755487445,True,830465173.7700963,2329.780451618935,0.828016432074275,2382.5799704962233,2397.7321601031854
500,4063661216,True,,21,2025-05-22,0.27027421522589073,0.17572092237070489,0.9943107139750906,0.972751046693777,1.3513710761294535,0.8786046118535243,True,517142897.0288593,1838.4827806724613,0.8654954159295563,2310.108956027987,2325.261145634949
